country_name,venue_name
Argentina,"Cancha  4"
Argentina,"CANCHA 1"
Argentina,"Cancha 10"
Argentina,"Cancha 11"
Argentina,"Cancha 12"
Argentina,"Cancha 2"
Argentina,"CANCHA 3"
Argentina,"Cancha 4"
Argentina,"Cancha 5"
Argentina,"Cancha 6"
Argentina,"Cancha 7"
Argentina,"Cancha 8"
Argentina,"Cancha 9"
Argentina,"Cancha Central"
Argentina,"Cancha Diego Schwartzman"
Argentina,"Center Court"
Argentina,"Club Nautico Hacoaj - Center Court"
Argentina,"Club Nautico Hacoaj - Court 06"
Argentina,"Club Nautico Hacoaj - Court 07"
Argentina,"Club Nautico Hacoaj - Court 08"
Argentina,"Court 1"
Argentina,"Court 10"
Argentina,"Court 11"
Argentina,"Court 12"
Argentina,"Court 14"
Argentina,"Court 2"
Argentina,"Court 3"
Argentina,"Court 4"
Argentina,"Court 5"
Argentina,"Court 6"
Argentina,"Court 7"
Argentina,"Court 8"
Argentina,"Court 9"
Argentina,"Court Central"
Argentina,"Court Diego Schwarzman"
Argentina,"Court Guillermo Vilas"
Argentina,"Enrique Morea"
Argentina,"Estadio 2"
Argentina,"Estadio 3"
Argentina,"Estadio Leonardo Mayer"
Australia,"1573 Arena"
Australia,"ANZ Arena"
Australia,"Cat Court"
Australia,"Center Court"
Australia,"Centre Court"
Australia,"Churchie Grammar - Court 1"
Australia,"Churchie Grammar - Court 2"
Australia,"Churchie Grammar - Court 3"
Australia,"Churchie Grammar - Court 4"
Australia,"Churchie Grammar - Court 5"
Australia,"Churchie Grammar - Court 6"
Australia,"Court 1"
Australia,"Court 10"
Australia,"Court 11"
Australia,"Court 12"
Australia,"Court 13"
Australia,"Court 14"
Australia,"Court 15"
Australia,"Court 16"
Australia,"Court 17"
Australia,"Court 18"
Australia,"Court 19"
Australia,"Court 2"
Australia,"Court 20"
Australia,"Court 21"
Australia,"Court 22"
Australia,"Court 3"
Australia,"Court 4"
Australia,"Court 5"
Australia,"Court 6"
Australia,"Court 7"
Australia,"Court 8"
Australia,"Court 9"
Australia,"Ct 10"
Australia,"Ct 13"
Australia,"Ct 14"
Australia,"Ct 15"
Australia,"Ct 16"
Australia,"Ct 4"
Australia,"Ct 6"
Australia,"Ct 8"
Australia,"Hume Tennis & Community Centre - Court 01"
Australia,"Hume Tennis & Community Centre - Court 02"
Australia,"Hume Tennis & Community Centre - Court 03"
Australia,"Hume Tennis & Community Centre - Court 04"
Australia,"Hume Tennis & Community Centre - Court 05"
Australia,"Hume Tennis & Community Centre - Court 06"
Australia,"Hume Tennis and Community Centre - Court 09"
Australia,"Hume Tennis and Community Centre - Court 10"
Australia,"Hume Tennis and Community Centre - Court 11"
Australia,"Hume Tennis and Community Centre - Court 12"
Australia,"Hume Tennis and Community Centre - Court 13"
Australia,"Hume Tennis and Community Centre - Court 14"
Australia,"John Cain Arena"
Australia,"Ken Rosewall Arena"
Australia,"Kia Arena"
Australia,"Margaret Court Arena"
Australia,"Nudgee College - Court 5"
Australia,"Nudgee College - Court 6"
Australia,"Nudgee Grammar - Court 1"
Australia,"Nudgee Grammar - Court 2"
Australia,"Nudgee Grammar - Court 3"
Australia,"Nudgee Grammar - Court 4"
Australia,"Pat Rafter Arena"
Australia,"Queens Park - Court 1"
Australia,"Queens Park - Court 2"
Australia,"Queens Park - Court 3"
Australia,"Queens Park - Court 6"
Australia,"Queens Park - Court 7"
Australia,"Queens Park - Court 8"
Australia,"Queensland Tennis Centre - Court 01"
Australia,"Queensland Tennis Centre - Court 02"
Australia,"Queensland Tennis Centre - Court 04"
Australia,"Queensland Tennis Centre - Court 06"
Australia,"Queensland Tennis Centre - Court 08"
Australia,"Queensland Tennis Centre - Court 10"
Australia,"Rod Laver Arena"
Australia,"Show Court 1"
Australia,"Signature Slam Academy - Court 1"
Australia,"Signature Slam Academy - Court 2"
Australia,"Signature Slam Academy - Court 3"
Australia,"Signature Slam Academy - Court 4"
Australia,"Signature Slam Academy - Court 5"
Australia,"Signature Slam Academy - Court 6"
Australia,"Stadium Court"
Australia,"West Court"
Australia,"West Park Oval"
Austria,"Cancha 3"
Austria,"Center Court"
Austria,"Centre Court"
Austria,"Court 1"
Austria,"Court 2"
Austria,"Court 3"
Austria,"Court 6"
Austria,"Court 7"
Austria,"Court 8"
Austria,"Court B"
Austria,"Court Kuchenmeister"
Austria,"Court Riedel"
Austria,"Court Stadtwerke"
Austria,"Fairplay Court"
Austria,"Glaubandic Court"
Austria,Glaubandich
Austria,Grandstand
Austria,Interwetten
Austria,Kaps
Austria,"Match Court 1"
Austria,"Next Gen Court"
Austria,"Show Court"
Austria,Stadium
Bahrain,"Center Court"
Bahrain,"Court 1"
Bahrain,"Court 2"
Bahrain,"Court 3"
Bahrain,"Court 4"
Bahrain,"Court 5"
Bahrain,"Court 7"
Bahrain,"Court CC"
Belgium,"Centre Court"
Belgium,"Court 1"
Belgium,"Court 2"
Belgium,"Court 3"
Belgium,"Court Central"
Bolivia,"Cancha 1"
Bolivia,"Cancha 2"
Bolivia,"Cancha 3"
Bolivia,"Cancha 5"
Bolivia,"Cancha 6"
Bolivia,"Cancha 7"
Bolivia,"Cancha Central"
Bolivia,"Center Court"
Bolivia,"Court 1"
Bolivia,"Court 2"
Bolivia,"Court 3"
Bolivia,"Court 4"
Bolivia,"Court 5"
Bolivia,"Court 7"
Bolivia,"Court 9"
"Bosnia & Herzegovina","Central Court"
"Bosnia & Herzegovina","Centre Court"
"Bosnia & Herzegovina","Court 1"
"Bosnia & Herzegovina","Court 2"
"Bosnia & Herzegovina","Court 3"
"Bosnia & Herzegovina","Court 4"
"Bosnia & Herzegovina","Court 5"
"Bosnia & Herzegovina",Grandstand
Brazil,"Center Court"
Brazil,"Centra Court"
Brazil,Central
Brazil,"Central Court"
Brazil,"CENTRE COURT"
Brazil,"Centre Court 1"
Brazil,"Court 1"
Brazil,"Court 10"
Brazil,"Court 11"
Brazil,"Court 12"
Brazil,"Court 13"
Brazil,"Court 14"
Brazil,"Court 2"
Brazil,"COURT 3"
Brazil,"COURT 4"
Brazil,"Court 5"
Brazil,"Court 6"
Brazil,"Court 7"
Brazil,"Court 8"
Brazil,"Court 9"
Brazil,"Indoor 1"
Brazil,"Indoor 11"
Brazil,"Indoor 12"
Brazil,"Indoor 2"
Brazil,"Indoor 3"
Brazil,"Indoor 4"
Brazil,"Indoor 5"
Brazil,"Indoor Court"
Brazil,Indoors
Brazil,"Quadra 1"
Brazil,"Quadra 13"
Brazil,"Quadra 14"
Brazil,"Quadra 2"
Brazil,"Quadra 3"
Brazil,"Quadra 4"
Brazil,"Quadra 5"
Brazil,"Quadra 6"
Brazil,"Quadra 7"
Brazil,"Quadra 8"
Brazil,"Quadra 9"
Brazil,"Quadra Central"
Brazil,"Quadra Coberta"
Brazil,"Quadra De Lisonda"
Brazil,"Quadra Guga Kuerten"
Brazil,"Quadra Joao Lima"
Brazil,"Quadra Pedro Amadeu"
Bulgaria,"Center Court"
Bulgaria,"Court 1"
Bulgaria,"Court 2"
Bulgaria,"Court 3"
Bulgaria,"Court 4"
Bulgaria,"Court 6"
Bulgaria,"Tennis Club Favorit - Court 1"
Bulgaria,"Tennis Club Favorit - Court 2"
Bulgaria,"Tennis Club Favorit - Court 3"
Bulgaria,"Tennis Club Favorit - Court 4"
Bulgaria,"Tennis Club Favorit - Court 5"
Bulgaria,"Tennis Courts of the SW University Neofit Rilski - Court 1"
Bulgaria,"Tennis Courts of the SW University Neofit Rilski - Court 2"
Bulgaria,"Tennis Courts of the SW University Neofit Rilski - Court 3"
Canada,"Aforza - Court 07"
Canada,"Aforza - Court 08"
Canada,"Artemis Gold"
Canada,"Cashmere Grandstand"
Canada,"Center Court"
Canada,Central
Canada,"Centre Court"
Canada,"Centre Marcel Dionne"
Canada,"Court 1"
Canada,"Court 10"
Canada,"Court 11"
Canada,"Court 12"
Canada,"Court 2"
Canada,"Court 3"
Canada,"Court 4"
Canada,"Court 5"
Canada,"Court 6"
Canada,"Court 7"
Canada,"Court 8"
Canada,"Court 9"
Canada,"Court Banque Nationale"
Canada,"Court Central"
Canada,"Court Cromwell"
Canada,"Court Fasken"
Canada,Grandstand
Canada,"Grandstand Court"
Canada,"Indoor 1"
Canada,"Indoor 2"
Canada,"Indoor 4"
Canada,"Indoor Court 1"
Canada,"Indoor Court 3"
Canada,"Motorola razr Grandstand Court"
Canada,"National Bank Court"
Canada,"National Bank Grandstand"
Canada,"Polygon Court"
Canada,"Rogers 5G Grandstand"
Canada,"Rogers Court"
Canada,Stadium
Chile,"C2 Shell"
Chile,"C3 Costa"
Chile,"C4 Skechers"
Chile,"Cancha 1"
Chile,"Cancha 11"
Chile,"Cancha 14"
Chile,"Cancha 16"
Chile,"Cancha 17"
Chile,"Cancha 2"
Chile,"Cancha 3"
Chile,"Cancha 4"
Chile,"Cancha 6"
Chile,"Cancha 7"
Chile,"Cancha 8"
Chile,"Cancha Central"
Chile,"Cc. Banco De Chile"
Chile,"Center Court"
Chile,Central
Chile,"Centre Court"
Chile,"Court 1"
Chile,"Court 11"
Chile,"Court 15"
Chile,"Court 16"
Chile,"Court 2"
Chile,"Court 3"
Chile,"Court 4"
Chile,"Court 5"
Chile,"Court 6"
Chile,"Court 7"
Chile,"Court 8"
Chile,"Court Jaime Fillol"
Chile,Grandstand
Chile,"San Carlos De Apoquindo"
China,"Brad Drewett"
China,"Capital Group Diamond"
China,CC
China,Center
China,"Center Court"
China,"Central Court"
China,"Centre Court"
China,"Court 1"
China,"Court 10"
China,"Court 10 (indoor)"
China,"Court 11"
China,"Court 12"
China,"Court 14"
China,"Court 16"
China,"Court 17"
China,"Court 18"
China,"Court 2"
China,"Court 3"
China,"Court 4"
China,"Court 5"
China,"Court 6"
China,"Court 7"
China,"Court 7 (indoor)"
China,"Court 8"
China,"Court 8 (indoor)"
China,"Court 9"
China,"Court 9 (indoor)"
China,"Court A"
China,"Court B"
China,"Court C"
China,"Court Indoor 11"
China,"Court M2"
China,"Court M3"
China,"Court M5"
China,"Covered Court 2"
China,"Covered Court 4"
China,Diamond
China,Grandstand
China,"Grandstand 2"
China,"Huafa Center Court"
China,"Indoor 1"
China,"Indoor 10"
China,"Indoor 11"
China,"Indoor 12"
China,"Indoor 2"
China,"Indoor 3"
China,"Indoor 4"
China,"Indoor 5"
China,"Indoor 7"
China,"Indoor 9"
China,"Indoor A1"
China,"Indoor A3"
China,"Indoor C6"
China,"Indoor C8"
China,"Indoor C9"
China,"Indoor Court"
China,"Indoor Court 1"
China,"Indoor Court 10"
China,"Indoor Court 2"
China,"Indoor Court 7"
China,"Indoor Court 8"
China,"Indoor Court 9"
China,"Indoor East"
China,"Indoor West"
China,Lotus
China,Moon
China,"Show Court"
China,"Show Court 3"
China,Stadium
China,"Stadium Court"
"Chinese Taipei","Center Court"
"Chinese Taipei","Centre Court"
"Chinese Taipei","Court 1"
"Chinese Taipei","Court 2"
"Chinese Taipei","Court 3"
"Chinese Taipei","Court 4"
"Chinese Taipei","Court 5"
"Chinese Taipei","Court 6"
"Chinese Taipei","Court 7"
"Chinese Taipei","Court 8"
"Chinese Taipei","Indoor 1"
"Chinese Taipei","Indoor 11"
"Chinese Taipei","Indoor 12"
"Chinese Taipei","Indoor 13"
"Chinese Taipei","Indoor 14"
"Chinese Taipei","Indoor 2"
"Chinese Taipei","Indoor Court"
"Chinese Taipei","Show court"
"Chinese Taipei",Stadium
"Chinese Taipei","Yang-Ming Tennis Center - Court 1"
"Chinese Taipei","Yang-Ming Tennis Center - Court 2"
"Chinese Taipei","Yang-Ming Tennis Center - Court 4"
"Chinese Taipei","Yang-Ming Tennis Center - Court 5"
"Chinese Taipei","Yang-Ming Tennis Center - Court 6"
"Chinese Taipei","Yang-Ming Tennis Center - Court 7"
"Chinese Taipei","Yang-Ming Tennis Center - Court 8"
Colombia,"Campo 1"
Colombia,"Campo 2"
Colombia,"Campo 3"
Colombia,"Campo 4"
Colombia,"Campo 5"
Colombia,"Campo 8"
Colombia,"Campo 9"
Colombia,"Campo Central"
Colombia,"Campo Directv"
Colombia,"Campo Estadio"
Colombia,"Cancha 1"
Colombia,"Cancha 2"
Colombia,"Cancha 3"
Colombia,"Cancha 4"
Colombia,"Cancha Central"
Colombia,"Cancha Estadio"
Colombia,"Cancha Santiago Giraldo"
Colombia,"Center Court"
Colombia,"Centre Court"
Colombia,"Court 1"
Colombia,"Court 2"
Colombia,"Court 3"
Colombia,"Court 4"
Colombia,"Court Kia"
Colombia,Estadio
Colombia,"Estadio Hernan Ramirez Villegas"
Colombia,Grandstand
"Cote d’Ivoire","Central KAYDAN"
"Cote d’Ivoire","Court 1 COFINA NEEMBA"
"Cote d’Ivoire","Court 2 NYCKSOIL"
"Cote d’Ivoire","Court 4"
"Cote d’Ivoire","Court CNPS"
Croatia,"ATP Stadium Goran Ivanisevic - Court 2"
Croatia,"ATP Stadium Goran Ivanisevic - Court 3"
Croatia,"ATP Stadium Goran Ivanisevic - Court 4"
Croatia,"ATP Stadium Goran Ivanisevic - Court 5"
Croatia,"Cedevita Court"
Croatia,"Center Court"
Croatia,"Cockta Court"
Croatia,"Court 1"
Croatia,"Court 10"
Croatia,"Court 13"
Croatia,"Court 14"
Croatia,"Court 15"
Croatia,"Court 16"
Croatia,"Court 17"
Croatia,"Court 2"
Croatia,"Court 3"
Croatia,"Court 4"
Croatia,"Court 5"
Croatia,"Court 6"
Croatia,"Court 8"
Croatia,"Court Practice 8"
Croatia,"Goran Ivanisevic Stadium"
Croatia,Grandstand
Croatia,"INA Court"
Croatia,"Indoor 1"
Croatia,"Indoor 2"
Croatia,"Indoor 3"
Croatia,"Indoor Court"
Croatia,"Kala Court"
Croatia,"Lukas Court"
Croatia,"Next Gen Arena"
Croatia,"OTP Court"
Croatia,"Practice 1"
Croatia,"Raiffeisen Court"
Croatia,"Sport Center Visnjik (Clay) - Court 1"
Croatia,"Sport Center Visnjik (Clay) - Court 2"
Croatia,"Sport Center Visnjik (Clay) - Court 3"
Croatia,"Sport Center Visnjik Court 4 (Clay)"
Croatia,"Sport Center Visnjik Court 5 (Clay)"
Croatia,"Sport Center Visnjik Court 6 (Clay)"
Croatia,"Stadion Mile Moralic"
Croatia,"Studenac Arena"
Croatia,"Table 1"
Croatia,"Table 2"
Croatia,"Table 3"
Croatia,"Table 4"
Croatia,"Table 5"
Croatia,"Table 6"
Croatia,"Table 7"
Croatia,"Table 8"
Croatia,"Tennis Centar Punta"
Croatia,"Umag - ATP STADIUM GORAN IVANISEVIC - Court Nr.1"
Croatia,"Umag - ATP STADIUM GORAN IVANISEVIC - Stadium Goran Ivanisev"
Croatia,"Umag - ATP STADIUM GORAN IVANISEVIC - Studenac Arena"
Czechia,"Allianz Court"
Czechia,"Center Court"
Czechia,"Centre Court"
Czechia,"Court 05"
Czechia,"Court 06"
Czechia,"Court 07"
Czechia,"Court 1"
Czechia,"Court 10"
Czechia,"Court 11"
Czechia,"Court 12"
Czechia,"Court 13"
Czechia,"Court 14"
Czechia,"Court 2"
Czechia,"Court 3"
Czechia,"Court 4"
Czechia,"Court 5"
Czechia,"Court 6"
Czechia,"Court 6 - Centre"
Czechia,"Court 7"
Czechia,"Court 8"
Czechia,"Court 9"
Czechia,"Court A"
Czechia,"ECM Court"
Czechia,"Gea Court"
Czechia,"INDOOR B"
Czechia,"INDOOR C"
Czechia,"Kurt 1"
Czechia,"Kurt 2"
Czechia,"Livesport Arena"
Czechia,"Match Court"
Czechia,"Mlyn Perner Court"
Czechia,"Omega Sport - Court 01"
Czechia,"Omega Sport - Court 02"
Czechia,"Omega Sport - Court 05"
Czechia,"Omega Sport - Court 06"
Czechia,"Omega Sport - Court 07"
Czechia,"Omega Sport - Court 3"
Czechia,"Omega Sport - Court 4"
Czechia,"Pernerka Court"
Czechia,"Practice Court 1"
Czechia,"Prostejov Arena"
Czechia,"Ridera Court"
Czechia,"Sparta Centre Court"
Czechia,"Svijany Court"
Czechia,"Syner Court"
Czechia,"Table 1"
Czechia,"Table 2"
Czechia,"Table 3"
Czechia,"Table 4"
Czechia,"Table 5"
Czechia,"Table 6"
Czechia,Wilson
Denmark,"Court 1"
Denmark,"Court 2"
Denmark,"Court 3"
Denmark,"Court 4"
Denmark,"Court 5"
"Dominican Republic","Cancha 1"
"Dominican Republic","Cancha 2"
"Dominican Republic","Cancha 3"
"Dominican Republic","Cancha 7"
"Dominican Republic","Cancha Avena Americana"
"Dominican Republic","Court 10"
"Dominican Republic","Court 11"
"Dominican Republic","Court 12"
"Dominican Republic","Court 5"
"Dominican Republic","Court 8"
"Dominican Republic","Court 9"
"Dominican Republic",Estadio
"Dominican Republic","Estadio 3"
"Dominican Republic","Estadio 4"
"Dominican Republic","Estadio Brugal"
"Dominican Republic","Estadio Central"
"Dominican Republic","Estadio Mitur"
"Dominican Republic","Estadio Sid"
"Dominican Republic",Grandstand
Ecuador,"Cancha 1"
Ecuador,"Cancha 2"
Ecuador,"Cancha 3"
Ecuador,"Cancha 4"
Ecuador,"Cancha 5"
Ecuador,"Cancha 8"
Ecuador,"Cancha Central"
Ecuador,"Cancha Central A. Gomez"
Ecuador,"Cancha N. Lapenti"
Ecuador,"Cancha P. Segura"
Ecuador,"Cancha R. Viver"
Ecuador,"Cancha Raul Viver"
Ecuador,"Center Court"
Ecuador,Central
Ecuador,"Court 1"
Ecuador,"Court 10"
Ecuador,"Court 11"
Ecuador,"Court 12"
Ecuador,"Court 13"
Ecuador,"Court 14"
Ecuador,"Court 15"
Ecuador,"Court 16"
Ecuador,"Court 2"
Ecuador,"Court 3"
Ecuador,"Court 4"
Ecuador,"Court 5"
Ecuador,"Court 6"
Ecuador,"Court 7"
Ecuador,"Court 8"
Ecuador,Estadio
Egypt,"Centre Court"
Egypt,"Court 1"
Egypt,"Court 10"
Egypt,"Court 2"
Egypt,"Court 3"
Egypt,"Court 4"
Egypt,"Court 5"
Egypt,"Court 6"
Egypt,"Court 7"
Egypt,"Court 8"
Egypt,"Court 9"
England,"12BET COURT"
England,"Andy Murray Arena"
England,"Ann Jones Centre Court"
England,"Center Court"
England,"Centre Court"
England,"Court 1"
England,"Court 10"
England,"Court 11"
England,"Court 12"
England,"Court 13"
England,"Court 14"
England,"Court 15"
England,"Court 16"
England,"Court 17"
England,"Court 18"
England,"Court 2"
England,"Court 3"
England,"Court 4"
England,"Court 5"
England,"Court 6"
England,"Court 7"
England,"Court 8"
England,"Court 9"
England,"Indoor 1"
England,"Indoor 2"
England,"Indoor 3"
England,"Indoor 4"
England,"Indoor 5"
England,"Indoor 6"
England,"Loughborough University - Court 05"
England,"Loughborough University - Court 06"
England,"Loughborough University - Court 07"
England,"Loughborough University - Court 08"
England,"MINORU YONEYAMA CRT"
England,"No.2 Court"
England,"Roehampton Court A"
England,"Roehampton Court B"
England,"Show Court 1"
England,"Show Court 2"
England,"Stadium Court"
England,"Trent 1"
England,"Trent 2"
Finland,"Center Court"
Finland,"Court 1"
Finland,"Court 3"
Finland,"Court 4"
Finland,"Court 5"
Finland,"Court 6"
Finland,"Court 7"
Finland,"Court 8"
Finland,"Court 9"
France,"Amelie Mauresmo"
France,Annexe
France,"Arena Annexe"
France,"Arena Center Court"
France,"Atg 3"
France,"Atg 4"
France,"Celine Dumerc"
France,"Center Court"
France,Central
France,"Central Arena"
France,"CENTRAL BIS ALPHA HOLDING"
France,"Central Cabesto"
France,"Central Colette Besson"
France,"Central Court"
France,"CENTRAL SCC FRANCE"
France,"Central Tag Heuer"
France,Centre
France,"Centre Court"
France,"Cheurlin Dangin"
France,"CNE A"
France,"CNE B"
France,"Colette Besson"
France,"Court 1"
France,"Court 10"
France,"Court 11"
France,"COURT 11 OCI INFORMATIQUE"
France,"Court 12"
France,"Court 13"
France,"Court 14"
France,"Court 15"
France,"Court 16"
France,"Court 17"
France,"Court 2"
France,"Court 23"
France,"Court 3"
France,"Court 4"
France,"Court 5"
France,"Court 6"
France,"Court 7"
France,"Court 8"
France,"Court 9"
France,"Court A"
France,"Court Amplitude"
France,"Court Annexe"
France,"Court B"
France,"Court Central"
France,"Court Central Cepac"
France,"Court Central PVTISTES"
France,"Court Club House"
France,"Court Credit Agricole"
France,"Court D"
France,"Court Eiffage"
France,"Court Francoise Savatier"
France,"Court Ideal Groupe"
France,"Court INTERSPORT"
France,"Court Le Liberte"
France,"Court Mairie de Saint-Brieuc"
France,"Court Marc Gicquel"
France,"Court Nissan"
France,"Court Patrice Dominguez"
France,"Court Philippe Chatrier"
France,"Court Pierre Troisgros"
France,"Court Region Auvergne Rhone Alpes"
France,"Court Saint Gregoire 1"
France,"Court Simonne Mathieu"
France,"Court Smart Trade"
France,"Court Sopra Steria"
France,"Court Steredenn"
France,"Court Suzanne Lenglen"
France,"Court SVR"
France,"Court TCSB"
France,"French Touch Academy - Court 07"
France,"French Touch Academy - Court 08"
France,"French Touch Academy - Court 09"
France,"French Touch Academy - Court 10"
France,"French Touch Academy - Indoor Court 10"
France,"French Touch Academy - Indoor Court 9"
France,"Gabriel Foligne"
France,"Halle des Sports"
France,"Indoor 1"
France,"Indoor 2"
France,"Indoor 3"
France,"Indoor 4"
France,"Indoor 5"
France,"Indoor C"
France,"INDOOR CENTER COURT"
France,"Indoor Central"
France,"Indoor Court 1"
France,"Indoors 16"
France,"Indoors 17"
France,"Indoors 18"
France,"Infinity Arena"
France,Intermarche
France,"Jean Jaures"
France,"La Foret 1"
France,"La Foret 2"
France,"La Foret 3"
France,"La Foret 4"
France,"Plaine de Jeux de Gerland"
France,"St Cyr En Val No.2"
France,"Stade de la Source"
France,"TC Pau 1"
France,"Tcsb 3"
France,"Tcsb 4"
France,"Tennis Club De Bruz"
France,"Tennis Club De Bruz 4"
France,"Tennis Club De Bruz 5"
France,Tourlaville
France,"Tourlaville 2"
Georgia,"Center Court"
Georgia,"Centre Court"
Georgia,"Court 1"
Georgia,"Court 2"
Georgia,"Court 3"
Georgia,"Court 4"
Germany,"B and B Court"
Germany,"B&B Court"
Germany,"Brawo Center Court"
Germany,"Center Court"
Germany,"Centre Court"
Germany,"Centre Court 3"
Germany,"Clamex Court"
Germany,Colosseum
Germany,"Court 1"
Germany,"Court 10"
Germany,"Court 11"
Germany,"Court 12"
Germany,"Court 13"
Germany,"Court 18"
Germany,"Court 2"
Germany,"Court 3"
Germany,"Court 4"
Germany,"Court 5"
Germany,"Court 6"
Germany,"Court 7"
Germany,"Court 8"
Germany,"Court 9"
Germany,"Court indoor 3"
Germany,"Court indoor 4"
Germany,"Ecovis Court"
Germany,"Eintracht Frankfurt Tennis - Court 01"
Germany,"Eintracht Frankfurt Tennis - Court 02"
Germany,"Eintracht Frankfurt Tennis - Court 03"
Germany,"Eintracht Frankfurt Tennis - Court 04"
Germany,"Eintracht Frankfurt Tennis - Court 05"
Germany,"Enbw Court"
Germany,"ETUF Essen - Court 1"
Germany,"ETUF Essen - Court 11"
Germany,"ETUF Essen - Court 2"
Germany,"ETUF Essen - Court 3"
Germany,"ETUF Essen - Court 4"
Germany,"ETUF Essen - Court 5"
Germany,"ETUF Essen - Court 6"
Germany,Grandstand
Germany,"Head Gravity Court"
Germany,heristo-arena
Germany,"Hörtkorn Center Court"
Germany,"Hortkorn Court"
Germany,"Indoor 1"
Germany,"Indoor 2"
Germany,"Klenert Court"
Germany,"Lotto RLP Court"
Germany,M1
Germany,M2
Germany,M3
Germany,M5
Germany,"Mark-E Power Court"
Germany,"Match Court 2"
Germany,"Match Court 3"
Germany,"Mercedes Court"
Germany,"MKG 1"
Germany,"MKG 2"
Germany,"OWL Arena"
Germany,"Platz 1"
Germany,"Platz 2"
Germany,"Platz 3"
Germany,"Platz 4"
Germany,"Platzmann Centre Court"
Germany,"Saturn Center Court"
Germany,"Schauinsland-Reisen Court"
Germany,"Show Court"
Germany,"Show Court 3"
Germany,"Sparkassen Premium Court"
Germany,Stadion
Germany,"Staerk Court"
Germany,Stauwehrhalle
Germany,"Steffi Graf Stadion"
Germany,"SZ Court"
Germany,"TENNISGESELLSCHAFT ROT-WEISS Monchengladbach - Court 10"
Germany,"TENNISGESELLSCHAFT ROT-WEISS Monchengladbach - Court 4"
Germany,"TENNISGESELLSCHAFT ROT-WEISS Monchengladbach - Court 5"
Germany,"TENNISGESELLSCHAFT ROT-WEISS Monchengladbach - Court 8"
Germany,"TENNISGESELLSCHAFT ROT-WEISS Monchengladbach - Court 9"
Germany,"Tenzer Center Court"
Germany,"Teremeer Court"
Germany,"TG Nord Dusseldorf e.V. - Court 01"
Germany,"TG Nord Dusseldorf e.V. - Court 02"
Germany,"TG Nord Dusseldorf e.V. - Court 03"
Germany,"TG Nord Dusseldorf e.V. - Court 04"
Germany,"TG Nord Dusseldorf e.V. - Court 06"
Germany,"Wolf Stadium Court"
Greece,Center
Greece,"Center Court"
Greece,"Centre Court"
Greece,"Court 17"
Greece,"Court 18"
Greece,"Court 20"
Greece,"Court 21"
Greece,"Court 3"
Greece,"Court 5"
Greece,"Court K1"
Greece,Grandstand
"Hong Kong, China","Centre Court"
"Hong Kong, China","Court 1"
"Hong Kong, China","Court 10"
"Hong Kong, China","Court 11"
"Hong Kong, China","Court 12"
"Hong Kong, China","Court 13"
"Hong Kong, China","Court 2"
"Hong Kong, China","Court 3"
"Hong Kong, China","Court 4"
"Hong Kong, China","Court 5"
"Hong Kong, China","Court 6"
"Hong Kong, China","Indoor C1"
"Hong Kong, China","Indoor C2"
"Hong Kong, China","Show Court 1"
"Hong Kong, China","Show Court 2"
"Hong Kong, China","Show Court 3"
Hungary,"Asboth Jozsef"
Hungary,"Centre Court"
Hungary,"Court 1"
Hungary,"Court 2"
Hungary,"Court 4"
Hungary,"Court 5"
Hungary,"Court 6"
Hungary,"Court 7"
Hungary,"Court 8"
Hungary,"Court 9"
Hungary,"Grand Court"
Hungary,"Grandstand 4"
Hungary,"Kormoczy Court"
Hungary,"National Tennis Center - NEK - Court 01"
Hungary,"National Tennis Center - NEK - Court 02"
Hungary,"National Tennis Center - NEK - Court 03"
Hungary,"National Tennis Center - NEK - Court 04"
Hungary,"National Tennis Center - NEK - Court 05"
Hungary,"National Tennis Center - NEK - Court 06"
Hungary,"Temesvari Court"
India,"Center Court"
India,"Centre Court"
India,"Court 1"
India,"Court 2"
India,"Court 3"
India,"Court 4"
India,"Court 5"
India,"M.Chinnaswamy Stadium"
India,"Pune Club Ground"
India,"Rohan Bopanna Tennis Academy - Court 02"
India,"Rohan Bopanna Tennis Academy - Court 03"
India,"Rohan Bopanna Tennis Academy - Court 04"
India,"Sree Kanteerava Stadium"
Indonesia,"Bali Country Club - Court 1"
Indonesia,"Bali Country Club - Court 2"
Indonesia,"Bali Country Club - Court 3"
Indonesia,"Bali Country Club - Court 4"
Indonesia,"Bali Country Club - Court 5"
Indonesia,"Bali Country Club - Court 6"
Indonesia,"Bali Country Club - Court A"
Indonesia,"Bali Country Club - Court B"
Indonesia,"Bali Country Club - Court C"
Indonesia,"Bali Country Club - Court D"
Indonesia,"Bali Country Club - Court E"
Indonesia,"Bali Country Club - Court F"
Israel,"Centre Court"
Israel,"Court 1"
Italy,"Acqua Maniva"
Italy,"Allianz Cloud Court"
Italy,"Altitud (C2)"
Italy,Arena
Italy,Bergamo
Italy,"BNP Paribas Arena"
Italy,"Campo 1"
Italy,"Campo 11"
Italy,"Campo 12"
Italy,"Campo 13"
Italy,"Campo 14"
Italy,"Campo 2"
Italy,"Campo 2 indoor Montefalcone"
Italy,"Campo 3"
Italy,"Campo 4"
Italy,"Campo 5"
Italy,"Campo 6"
Italy,"Campo 7"
Italy,"Campo 8"
Italy,"Campo 9"
Italy,"Campo Arpex"
Italy,"Campo Centrale"
Italy,"Campo D'Avalos"
Italy,"Campo Fabrizio Gasparini"
Italy,"Campo indoor Montefalcone"
Italy,"Campo Tato Paride"
Italy,Center
Italy,"Center Court"
Italy,"Center Court Decathlon"
Italy,"Central Court"
Italy,Centrale
Italy,"Centre Court"
Italy,"Citta Di Forl√¨"
Italy,"Cloto Arena"
Italy,"Court 1"
Italy,"Court 10"
Italy,"Court 11"
Italy,"Court 12"
Italy,"Court 13"
Italy,"Court 14"
Italy,"Court 15"
Italy,"Court 16"
Italy,"Court 2"
Italy,"Court 2 Coop"
Italy,"Court 3"
Italy,"Court 3 Banco del Fucino"
Italy,"Court 4"
Italy,"Court 5"
Italy,"Court 6"
Italy,"Court 7"
Italy,"Court 7 (Center)"
Italy,"Court 8"
Italy,"Court 9"
Italy,"Court Banca del Fucino (5)"
Italy,"Court Maldarizzi"
Italy,"Court Sic Europe (3)"
Italy,"Crt 1 - San Marzano"
Italy,"Crt 2 - Tato Paride"
Italy,"Decathlon Court"
Italy,"Ferrovie Del Sud Est Court"
Italy,"Forte Village Court"
Italy,"FUSP Center Court"
Italy,Gencom
Italy,"Grand Stand"
Italy,"Grand Stand Arena"
Italy,Grandstand
Italy,"I Bilanciai (C1)"
Italy,"Inalpi Arena"
Italy,Indoor
Italy,"Indoor 1"
Italy,"Indoor 2"
Italy,"Indoor 4"
Italy,"Indoor 5"
Italy,"Indoor 6"
Italy,"Indoor 7"
Italy,"Indoor 8"
Italy,"Indoor Angiulli Bari1"
Italy,"Indoor Angiulli Bari2"
Italy,"Indoor Angiulli Bari3"
Italy,"Indoor Court"
Italy,Italcementi
Italy,"Jocker Court"
Italy,"Lapietra Center Court"
Italy,PalaAgnelli
Italy,Palaintred
Italy,"Palapajetta Court"
Italy,"Pallazzetto Alzano"
Italy,Pietrangeli
Italy,"Sardegna Court"
Italy,"Serena Maniva Centre"
Italy,"Serena Wines 1881"
Italy,"SICEurope Court"
Italy,"Sporting 2"
Italy,"Super Tennis Arena"
Italy,"TC Giussano Indoors 3"
Italy,"TC Giussano Indoors 4"
Italy,"TC Giussano Indoors 5"
Italy,"TC Pozzuoli Court 1"
Italy,"TC Pozzuoli Court 2"
Italy,"Tennis Club Porto Rose - Centre Court"
Italy,"Tennis Club Porto Rose - Court 1"
Italy,"Tennis Club Porto Rose - Court 2"
Italy,"Via Delle Querce"
Italy,"Volvo Arena"
Jamaica,"Centre Court"
Jamaica,"Court 1"
Jamaica,"Court 2"
Jamaica,"Court 3"
Jamaica,Grandstand
Japan,Center
Japan,"Center Court"
Japan,"Centre Court"
Japan,Coliseum
Japan,"Court 1"
Japan,"Court 13"
Japan,"Court 14"
Japan,"Court 15"
Japan,"Court 16"
Japan,"Court 2"
Japan,"Court 3"
Japan,"Court 4"
Japan,"Court 5"
Japan,"Court 6"
Japan,"Court 7"
Japan,"Court 8"
Japan,"Court 9"
Japan,"Court A"
Japan,"Court B"
Japan,"Court C"
Japan,"Court E"
Japan,"Court F"
Japan,"Court G"
Japan,"Court Indoor 11"
Japan,"Court Indoor 12"
Japan,"Fukui Sports Park - Court 1"
Japan,"Fukui Sports Park - Court 2"
Japan,"Fukui Sports Park - Court 3"
Japan,"Green Tennis Plaza - Court 01"
Japan,"Green Tennis Plaza - Court 02"
Japan,"Green Tennis Plaza - Court 03"
Japan,"Green Tennis Plaza - Court 04"
Japan,"Green Tennis Plaza - Court 05"
Japan,"Green Tennis Plaza - Court 06"
Japan,"Green Tennis Plaza - Court 07"
Japan,"Green Tennis Plaza - Court 08"
Japan,"Indoor 1"
Japan,"Indoor 5"
Japan,"Indoor 6"
Japan,"Indoor Court 10"
Japan,"Indoor Court 11"
Japan,"Indoor Court 14"
Japan,"Indoor Court 15"
Japan,"Indoor Court 17"
Japan,"Indoor Court 18"
Japan,"Indoor Court 19"
Japan,"Indoor Court 20"
Japan,"Indoors 2"
Japan,"Kinoshita Group Arena"
Japan,"KPI Park - Court 01"
Japan,"KPI Park - Court 02"
Japan,"KPI Park - Court 03"
Japan,"KPI Park - Court 04"
Japan,"KPI Park - Court 05"
Japan,"KPI Park - Court 06"
Japan,"Royal SC Tennis - Court 01"
Japan,"Royal SC Tennis - Court 02"
Japan,"Royal SC Tennis - Court 03"
Japan,"Royal SC Tennis - Court 04"
Japan,"Royal SC Tennis - Court 05"
Japan,"Royal SC Tennis - Court 06"
Japan,"Shimizu Zenzo Memorial Tennis - Court 6"
Japan,"SHOW COURT"
Japan,"Show Court 1"
Japan,"Sub Centre"
Japan,"Top Run - Court 1"
Japan,"Top Run - Court 2"
Japan,"Top Run - Court 3"
Japan,"Top Run - Court 4"
Japan,"Top Run - Court 5"
Japan,"Youme Town"
Kazakhstan,Astana
Kazakhstan,"Astana Arena"
Kazakhstan,"Center Court"
Kazakhstan,"Centre Court"
Kazakhstan,"Court 1"
Kazakhstan,"Court 10"
Kazakhstan,"Court 11"
Kazakhstan,"Court 12"
Kazakhstan,"Court 2"
Kazakhstan,"Court 3"
Kazakhstan,"Court 4"
Kazakhstan,"Court 5"
Kazakhstan,"Court 6"
Kazakhstan,"Court 7"
Kazakhstan,"Court 8"
Kazakhstan,"Court 9"
Kazakhstan,"Indoor 1"
Kazakhstan,"Indoor 2"
Kazakhstan,"Indoor Center Court"
Kazakhstan,"Indoor Court 3"
Lithuania,"Centre Court"
Lithuania,"Court 1"
Lithuania,"Court 12"
Lithuania,"Court 17"
Lithuania,"Court 2"
Lithuania,"Court 3"
Lithuania,"Court 4"
Lithuania,"Court 5"
Lithuania,"Court 6"
Lithuania,"Court 7"
Lithuania,"Court 9"
Lithuania,"Sportima Arena"
Luxembourg,CENTRAL
Luxembourg,"Court 1"
Luxembourg,"Court 2"
Luxembourg,"Court 3"
Luxembourg,Stadium
Mexico,"Abierto Akron Zapopan"
Mexico,"Akron Tennis Stadium"
Mexico,"Cancha  3"
Mexico,"Cancha 1"
Mexico,"Cancha 1 KATAN"
Mexico,"Cancha 2"
Mexico,"Cancha 3"
Mexico,"Cancha 4"
Mexico,"Cancha 5"
Mexico,"Cancha 7"
Mexico,"Cancha 8"
Mexico,"Cancha Caliente"
Mexico,"Cancha Central"
Mexico,"Cancha Chaly Ramirez"
Mexico,"Cancha La Aficion"
Mexico,"Cancha Mifel"
Mexico,"Cancha Skechers"
Mexico,"Cancha Vino America"
Mexico,"Center Court"
Mexico,Central
Mexico,"Court 1"
Mexico,"Court 2"
Mexico,"Court 3"
Mexico,"Court 4"
Mexico,"Court 5"
Mexico,"Court 7"
Mexico,"Court 8"
Mexico,"Court Torner"
Mexico,Estadio
Mexico,"Estadio Akron"
Mexico,"Estadio Akron de Tenis"
Mexico,"Estadio Alejandro Burillo"
Mexico,"Estadio Arena GNP Seguros"
Mexico,"Estadio BMW"
Mexico,"Estadio FUNO"
Mexico,"Estadio GNP Seguros"
Mexico,"Estadio Metaxchange"
Mexico,"Estadio Mextenis"
Mexico,"Estadio Paradisus"
Mexico,"Estadio Pegaso"
Mexico,"Estadio Puerto Magico"
Mexico,"Estadio Puerto Vallarta"
Mexico,"Estadio Rafael Osuna"
Mexico,"Estadio Skarch"
Mexico,"Estadio Tres Marias"
Mexico,"Grand Stand Scotiabank"
Mexico,Grandstand
Mexico,"Grandstand Caliente"
Mexico,"Grandstand Mexcovery.Com"
Mexico,"Grandstand Mifel"
Mexico,"Grandstand Pablo Arroyo"
Mexico,"Manzanillo - Court 01"
Mexico,"Manzanillo - Court 02"
Mexico,"Manzanillo - Court 03"
Mexico,"Manzanillo - Court 04"
Mexico,"P 1"
Mexico,P2
Mexico,"Sheraton Buganvilias"
Mexico,Stadium
Mexico,"Stadium 1"
Mexico,"Stadium 2"
Mexico,"Stadium 3"
Mexico,"Stadium CSC"
Moldova,"Central Court"
Moldova,"Centre Court"
Moldova,"Court 1"
Moldova,"Court 2"
Moldova,"Court 3"
Moldova,"Court 4"
Moldova,"Indoor 1"
Moldova,"Indoor 2"
Moldova,"Indoor 5"
Monaco,"Court 11"
Monaco,"Court 13"
Monaco,"Court 14"
Monaco,"Court 7"
Monaco,"Court 9"
Monaco,"Court Central"
Monaco,"Court Des Princes"
Monaco,"Court Rainier III"
Monaco,"EA de Massy"
Morocco,"Center Court"
Morocco,"Court 1"
Morocco,"Court 2"
Morocco,"Court 4"
Morocco,"Court 5"
Morocco,"Court 9"
Morocco,"Court Central"
Netherlands,"Center Court"
Netherlands,"Center Court - NXT Level"
Netherlands,"Centre Court"
Netherlands,"Court 1"
Netherlands,"Court 2"
Netherlands,"Court 3"
Netherlands,"Court 4"
Netherlands,"Court 5"
Netherlands,"Court 6"
Netherlands,"KNLTB Court"
Netherlands,"Maaspoort Den Bosch, 1"
Netherlands,"Maaspoort Den Bosch, 2"
Netherlands,"Maaspoort Den Bosch, 3"
Netherlands,"Maaspoort Den Bosch, 4"
Netherlands,"Schoonderbeekbouw Court"
Netherlands,"The Grand Slam Club"
Netherlands,"The Indian Maharadja"
Netherlands,"The KNLTB"
Netherlands,"Van Mossel Kia Court"
"New Caledonia","Court 7"
"New Caledonia","Court 8"
"New Caledonia","Court Hertz"
"New Caledonia","Court Morault"
"New Caledonia","Court N'godrela"
"New Caledonia","Stade Numa-Daly Magenta"
"New Zealand","Centre Court"
"New Zealand","Court 1"
"New Zealand","Court 2"
"New Zealand","Court 3"
"New Zealand","Court 4"
"New Zealand","Court 5"
"New Zealand","Court 6"
"New Zealand","Court 8"
"New Zealand",Grandstand
"New Zealand","Indoor 1"
"New Zealand","Indoor 2"
"New Zealand","Indoor 3"
"New Zealand","Indoor 6"
"New Zealand","Show Court 1"
"New Zealand","Show Court 2"
"New Zealand","Stadium Court"
"North Macedonia","Tennis Club Jug - Court 01"
"North Macedonia","Tennis Club Jug - Court 05"
"North Macedonia","Tennis Club Jug - Court 06"
"North Macedonia","Tennis Club Jug - Court 07"
"North Macedonia","Tennis Club Jug - Court 08"
Pakistan,"Aqeel Khan Center Court"
Pakistan,"Centre Court"
Pakistan,"Court 1"
Pakistan,"Court 2"
Paraguay,"Cacha 1"
Paraguay,"Cancha 3"
Paraguay,"Cancha 4"
Paraguay,"Cancha 7"
Paraguay,"Cancha 9"
Paraguay,"Cancha Central"
Paraguay,"Center Court"
Paraguay,"Court 1"
Paraguay,"Court 2"
Peru,"Cancha  3"
Peru,"Cancha 1"
Peru,"Cancha 10"
Peru,"Cancha 11"
Peru,"Cancha 13"
Peru,"Cancha 2"
Peru,"Cancha 3"
Peru,"Cancha 5"
Peru,"Cancha 6"
Peru,"Cancha 7"
Peru,"Cancha 8"
Peru,"Cancha 9"
Peru,"Cancha Central"
Peru,"Center Court"
Peru,"Court 10"
Peru,"Court 11"
Peru,"Court 12"
Peru,"Court 13"
Peru,"Court 14"
Peru,"Court 15"
Peru,"Court 16"
Peru,"Court 17"
Peru,"Court 4"
Peru,"Court 7"
Peru,"Court 8"
Peru,"Court 9"
Peru,Estadio
Peru,"Estadio Alberto Gallardo"
Peru,"Estadio Ivan Elias Moreno"
Peru,"Estadio Monumental"
Peru,"Estadio Municipal de Chorrillos"
Peru,"Estadio Nacional"
Peru,"Estadio Universidad San Marcos"
Philippines,CENTER
Philippines,"Court 1"
Philippines,"Court 2"
Poland,"Center Bohdan Tomaszewski"
Poland,"Center Court"
Poland,"Central Court"
Poland,"Centre Court"
Poland,"Court 1"
Poland,"Court 12"
Poland,"Court 13"
Poland,"Court 14"
Poland,"Court 2"
Poland,"Court 3"
Poland,"Court 4"
Poland,"Court 5"
Poland,"Court 6"
Poland,"Court 7"
Poland,"Court 8"
Poland,"Court 9"
Poland,"GKS Pogon Stadium"
Poland,"Indoor 1"
Poland,"Indoor 2"
Poland,"Indoor 3"
Portugal,"Banco Carregosa"
Portugal,"Caldas da Rainha"
Portugal,"Campo 1"
Portugal,"Campo 2"
Portugal,"Campo 3"
Portugal,"Campo 4"
Portugal,"Campo 8"
Portugal,"Campo Central"
Portugal,"Carvoeiro Clube de Tenis - 04. Court Carvoeiro"
Portugal,"Carvoeiro Clube de Tenis - 05. Court FredGil"
Portugal,"Carvoeiro Clube de Tenis - 08. Court Details"
Portugal,"Carvoeiro Clube de Tenis - 09. Court Lagoa"
Portugal,"Carvoeiro Clube de Tenis - Court 10"
Portugal,"Center Court"
Portugal,Central
Portugal,Centralito
Portugal,"Clube Tenis Portimao - Court 01"
Portugal,"Clube Tenis Portimao - Court 02"
Portugal,"Clube Tenis Portimao - Court 03"
Portugal,"Clube Tenis Portimao - Court 04 - Indoor"
Portugal,"Clube Tenis Portimao - Court 05 - Indoor"
Portugal,"Clube Tenis Portimao - Court FREDGIL (Indoor)"
Portugal,"Clube Tenis Portimao - Court Portimão (Indoor)"
Portugal,"CM Caldas da Rainha Court 1"
Portugal,"Court 1"
Portugal,"Court 10"
Portugal,"Court 14"
Portugal,"Court 15"
Portugal,"Court 16"
Portugal,"Court 17"
Portugal,"Court 2"
Portugal,"Court 3"
Portugal,"Court 4"
Portugal,"Court 5"
Portugal,"Court 6"
Portugal,"Court 7"
Portugal,"Court 8"
Portugal,"Court 9"
Portugal,"Court Banco Carregosa"
Portugal,"Court Belem"
Portugal,"Court Carlsberg"
Portugal,"Court Cascais"
Portugal,"Court Central"
Portugal,"Court CTE"
Portugal,"Court Lisboa"
Portugal,"Court McDonalds Antas"
Portugal,"Court Vila Gale Hotel"
Portugal,"Estadio 1. de Maio"
Portugal,"Estadio CIF"
Portugal,"Estadio Millennium"
Portugal,Eupago
Portugal,"Full Protein Court 3"
Portugal,"GirodMedias Court 2"
Portugal,"Indoor 1"
Portugal,"Indoor 2"
Portugal,"Indoor 3"
Portugal,"Indoor 5"
Portugal,"Indoor 6"
Portugal,Matinados
Portugal,"Mc Donalds"
Portugal,"Penina Hotel & Golf Resort - 2. FREDGIL"
Portugal,"Penina Hotel & Golf Resort - 4. Court Gold Nutrition"
Portugal,"Penina Hotel and Golf Resort - 1. Court Penina"
Portugal,"Penina Hotel and Golf Resort - 3. Court Portimao"
Qatar,"Centre Court"
Qatar,"Court 1"
Qatar,"Court 2"
Qatar,"Court 3"
Qatar,"Court 4"
Qatar,"Court 5"
Qatar,"Court A"
Qatar,"Court B"
Qatar,"Grandstand 1"
Qatar,"Grandstand 2"
Qatar,"Grandstand 3"
Qatar,"Grandstand 4"
"Republic of Korea","Center Court"
"Republic of Korea","Centre Court"
"Republic of Korea","Court 1"
"Republic of Korea","Court 11"
"Republic of Korea","Court 12"
"Republic of Korea","Court 13"
"Republic of Korea","Court 2"
"Republic of Korea","Court 3"
"Republic of Korea","Court 4"
"Republic of Korea","Court 5"
"Republic of Korea","Court 8"
"Republic of Korea",Grandstand
"Republic of Korea","Indoor 2"
"Republic of Korea","Indoor 4"
"Republic of Korea","Indoor 5"
"Republic of Korea","Indoor 6"
"Republic of Korea","Indoor 7"
"Republic of Korea","Indoor 8"
"Republic of Korea","Indoor C1"
"Republic of Korea","Indoor C4"
"Republic of Korea","Indoor C5"
"Republic of Korea","Indoor C6"
"Republic of Korea","Indoor Court 5"
"Republic of Korea","Show Court"
"Republic of Korea","Show Court 1"
"Republic of Korea","Show Court 2"
"Republic of Korea",Stadium
Romania,"Center Court"
Romania,"Central Court"
Romania,CENTRALA
Romania,"Centre Court"
Romania,"Court 1"
Romania,"Court 10"
Romania,"Court 2"
Romania,"COURT 3"
Romania,"Court 4"
Romania,"Court 5"
Romania,"Court 6"
Romania,"Court 7"
Romania,"Court 8"
Romania,"Court 9"
Romania,Grandstand
Romania,"National Tennis Center - Indoor - Court 02"
Romania,"National Tennis Center - Indoor - Court 03"
Romania,"National Tennis Center - Outdoor - Court 06"
Romania,"National Tennis Center - Outdoor - Court 1"
Romania,"National Tennis Center - Outdoor - Court 10"
Romania,"National Tennis Center - Outdoor - Court 2"
Romania,"National Tennis Center - Outdoor - Court 3"
Romania,"National Tennis Center - Outdoor - Court 7"
Romania,"National Tennis Center - Outdoor - Court 8"
Romania,"National Tennis Center - Outdoor - Court 9"
Romania,"SEMI CENTRALA"
Romania,"Stadium 6"
Russia,"CENTER COURT"
Russia,"Central Court"
Russia,"Court 1"
Russia,"Court 10"
Russia,"Court 11"
Russia,"Court 12"
Russia,"Court 2"
Russia,"Court 3"
Russia,"Court 4"
Russia,"Court 5"
Russia,"Court 6"
Russia,"Court 7"
Russia,"Court 8"
Russia,"Court 9"
Russia,"Luzhniki Stadium"
Russia,"Sibur Arena"
Russia,"TC Dynamo"
Rwanda,"Center Court"
Rwanda,"Court 1"
Rwanda,"Court 2"
Rwanda,"Court 3"
Rwanda,"Court 4"
"San Marino","Center Court"
"San Marino","Court 1"
"San Marino","Court 2"
"San Marino","Court 2 De Luigi"
"San Marino","Court 3"
"Saudi Arabia","Center Stage"
Scotland,"Emirates Arena, 1"
Scotland,"Emirates Arena, 2"
Scotland,"Emirates Arena, 3"
Scotland,"Emirates Arena, 4"
Scotland,"Emirates Arena, 5"
Scotland,"Stirling University - Court 01"
Scotland,"Stirling University - Court 02"
Scotland,"Stirling University - Court 03"
Scotland,"Stirling University - Court 04"
Serbia,"Center Court"
Serbia,"Centralni Teren"
Serbia,"Centre Court"
Serbia,"Court 1"
Serbia,"Court 2"
Serbia,"Court 3"
Serbia,"Court 4"
Serbia,"Court 5"
Serbia,"Court 7"
Serbia,"Court 8"
Serbia,"Court 9"
Serbia,Grandstand
Serbia,"Practice Court 1"
Serbia,"Tenis Club Crvena Zvezda - Court 01"
Serbia,"Tenis Club Crvena Zvezda - Court 02"
Serbia,"Tenis Club Crvena Zvezda - Court 03"
Serbia,"Tenis Club Crvena Zvezda - Court 04"
Serbia,"Tennis Club Crvena Zvezda - Court 05"
Serbia,"Tennis Club Crvena Zvezda Indoor - Court 04"
Serbia,"Tennis Club Crvena Zvezda Indoor - Court 05"
Serbia,"Tennis Club Crvena Zvezda Indoor - Court 06"
Serbia,"Teren 10"
Serbia,"Teren 6"
Serbia,"Teren 7"
Serbia,"Teren 8"
Serbia,"Teren 9"
Singapore,"Center Court"
Singapore,"Centre Court"
Singapore,"Court 1"
Singapore,"Court 2"
Singapore,"Court 3"
Singapore,"Court 4"
Slovakia,"Center Court V2"
Slovakia,"Central Court"
Slovakia,"Centre Court"
Slovakia,"Court 1"
Slovakia,"Court 10"
Slovakia,"Court 11"
Slovakia,"Court 2"
Slovakia,"Court 3"
Slovakia,"Court 4"
Slovakia,"Court 5"
Slovakia,"Court 6"
Slovakia,"Court 7"
Slovakia,"Court 8"
Slovakia,"Court 9"
Slovakia,"Court V6"
Slovakia,"Court V7"
Slovakia,"TC Empire Trnava - Court 4"
Slovakia,"TC Empire Trnava - Court 5"
Slovakia,"TC EMPIRE TRNAVA - Court 6"
Slovakia,"TC Empire Trnava - Court 7"
Slovakia,"TC Empire Trnava - Court 8"
Slovakia,"TC EMPIRE TRNAVA - Court 9"
Slovenia,Centre
Slovenia,"Centre Court"
Slovenia,"Court 1"
Slovenia,"Court 2"
Slovenia,"Court 3"
Slovenia,"Court 7"
Slovenia,"Court 8"
Slovenia,"Court A"
Slovenia,"Court C"
Slovenia,"Court D"
Slovenia,"Court Mima Jausovec"
Slovenia,"Max Tenis Club - Bonifacija 1"
Slovenia,"Max Tenis Club - Bonifacija 2"
Slovenia,"Max Tenis Club - Bonifacija 3"
Slovenia,"Max Tenis Club - Bonifacija 4"
Slovenia,"Max Tenis Club - Bonifacija 5"
Slovenia,"Tennis Center Murska Sobota - Court 1"
Slovenia,"Tennis Center Murska Sobota - Court 2"
Slovenia,"Tennis Center Murska Sobota - Court 3"
"South Africa","Centre Court"
"South Africa","Court 1"
"South Africa","Court 10"
"South Africa","Court 2"
"South Africa","Court 3"
"South Africa","Court 8"
Spain,"Abama Arena"
Spain,"Arantxa Sanchez Stadium"
Spain,"Canary Islands Court"
Spain,"Center Court"
Spain,Central
Spain,"Central Court"
Spain,Centre
Spain,"Centre Court"
Spain,"Court 1"
Spain,"Court 10"
Spain,"Court 11"
Spain,"Court 12"
Spain,"Court 13"
Spain,"Court 14"
Spain,"Court 15"
Spain,"Court 16"
Spain,"Court 17"
Spain,"Court 18"
Spain,"Court 19"
Spain,"Court 2"
Spain,"Court 20"
Spain,"Court 3"
Spain,"Court 4"
Spain,"Court 5"
Spain,"Court 6"
Spain,"Court 7"
Spain,"Court 8"
Spain,"Court 9"
Spain,"Court Center"
Spain,"Court Central"
Spain,"Court Chuiqii Mandarino"
Spain,"Court Comunidde Madrid"
Spain,"Court Manolo Santana"
Spain,"Court One"
Spain,"Court Villa de Madrid"
Spain,"EÓ Hotels Court"
Spain,"Estadio 3"
Spain,"Estadio Manolo Santana"
Spain,"Estadio Municipal Coll d en Rebassa"
Spain,"Estrella Damm Court 2"
Spain,Grandstand
Spain,Indoor
Spain,"Indoor 10"
Spain,"Indoor 11"
Spain,"Indoor 12"
Spain,"Joma Court 3"
Spain,"Manolo Santana Stadium"
Spain,"Maspalomas Center Court"
Spain,"Menorca Center Court"
Spain,"Pedro Munoz"
Spain,"Pista 1"
Spain,"Pista 11"
Spain,"Pista 12"
Spain,"Pista 13"
Spain,"Pista 14"
Spain,"Pista 2"
Spain,"Pista 3"
Spain,"Pista 4"
Spain,"Pista 5"
Spain,"Pista 6"
Spain,"Pista 7"
Spain,"Pista Andres Gimeno"
Spain,"Pista Carlos Alcaraz"
Spain,"Pista Cental"
Spain,"Pista Central"
Spain,"Pista E.Mandarino"
Spain,"Pista Fabian Dorado"
Spain,"Pista Jan Kodes"
Spain,"Pista Manolo Santana"
Spain,"Pista Mercedes-Benz"
Spain,"Pista Pablo Andujar"
Spain,"Pista Rafa Nadal"
Spain,"Pista Sanchez Vicario"
Spain,"San Miguel Court 2"
Spain,"Stadium 3"
Sweden,"Centre Court"
Sweden,"Court 1"
Sweden,"Court 2"
Sweden,"Court 3"
Sweden,"Court 4"
Sweden,"Court 5"
Sweden,ShowCourt
Switzerland,"AXA Center Court"
Switzerland,"Campo 1"
Switzerland,"Center Court"
Switzerland,Centrale
Switzerland,"Centre Court"
Switzerland,"Club Sierre - Court 3"
Switzerland,"Corner Arena"
Switzerland,"Court 1"
Switzerland,"Court 2"
Switzerland,"Court 3"
Switzerland,"Court 4"
Switzerland,"Court 5"
Switzerland,"Court 6"
Switzerland,"Indoor 1"
Switzerland,"Indoor 2"
Switzerland,"IWB Court 1"
Switzerland,"Jego Court 1"
Switzerland,"Match Court"
Switzerland,"Redcomet Arena"
Switzerland,"Roy Emerson Arena"
Switzerland,"Sportzentrum 1"
Switzerland,"Sportzentrum 3"
Switzerland,"Table 1"
Switzerland,"Table 2"
Switzerland,"Table 3"
Switzerland,"Table 4"
Switzerland,"TC Cureglia Court 1"
Switzerland,"TC Cureglia Court 2"
Switzerland,"Topcar Court 2"
Switzerland,"Tramondo Court 2"
Thailand,"Center Court"
Thailand,"Centre Court"
Thailand,"Court 1"
Thailand,"Court 2"
Thailand,"Court 3"
Thailand,"Court 4"
Thailand,"Court 5"
Thailand,"Court 6"
Thailand,"Court 8"
Thailand,"Court A"
Thailand,"Court B"
Tunisia,"Center Court"
Tunisia,"Court 1"
Tunisia,"Court 2"
Tunisia,"Court 3"
Tunisia,"Court 4"
Tunisia,"Court 5"
Tunisia,"Court 6"
Tunisia,"Court 7"
Tunisia,"Court 8"
Tunisia,"Court 9"
Tunisia,"Court Aziz Zouhir"
Tunisia,"Court Central"
Tunisia,"Table 1"
Tunisia,"Table 2"
Tunisia,"Table 3"
Tunisia,"Table 4"
Turkiye,"Alaaddin Karagoz"
Turkiye,"Center Court"
Turkiye,"Court 1"
Turkiye,"Court 10"
Turkiye,"Court 11"
Turkiye,"Court 13"
Turkiye,"Court 14"
Turkiye,"Court 16"
Turkiye,"Court 17"
Turkiye,"Court 2"
Turkiye,"Court 20"
Turkiye,"Court 21"
Turkiye,"Court 22"
Turkiye,"Court 23"
Turkiye,"Court 24"
Turkiye,"Court 3"
Turkiye,"Court 4"
Turkiye,"Court 5"
Turkiye,"Court 6"
Turkiye,"Court 7"
Turkiye,"Court 8"
Turkiye,"Court 9"
Turkiye,"Court A"
Turkiye,"Court B"
Turkiye,"Court C"
Turkiye,"Court Can Uner"
Turkiye,"Court Limak Enerji"
Turkiye,"Court Steigenberger"
Turkiye,"Duygu Aksit Oal"
Turkiye,"Grand Tarabaya Court"
Turkiye,Grandstand
Turkiye,"Hilton Court"
Turkiye,"Indoor 1"
Turkiye,"Indoor 2"
Turkiye,"Indoor 3"
Turkiye,"Indoor Center Court"
Turkiye,"Pamukspor 1"
Ukraine,"Court 1"
Ukraine,"Court 10"
Ukraine,"Court 11"
Ukraine,"Court 12"
Ukraine,"Court 2"
Ukraine,"Court 3"
Ukraine,"Court 4"
Ukraine,"Court 5"
"United Arab Emirates","ADCB Court 1"
"United Arab Emirates","Atlantis The Palm - Court 1"
"United Arab Emirates","Atlantis The Palm - Court 2"
"United Arab Emirates","Atlantis The Palm - Court 3"
"United Arab Emirates","Atlantis The Palm - Court 4"
"United Arab Emirates","Center Court"
"United Arab Emirates","Centre Court"
"United Arab Emirates","Court 1"
"United Arab Emirates","Court 2"
"United Arab Emirates","Court 3"
"United Arab Emirates","Court 4"
"United Arab Emirates","Court 6"
"United Arab Emirates","Court 7"
"United Arab Emirates","New Court 1"
"United Arab Emirates","Stadium Court"
Uruguay,"Cancha 1"
Uruguay,"Cancha 15"
Uruguay,"Cancha 2"
Uruguay,"Cancha 3"
Uruguay,"Cancha 4"
Uruguay,"Cancha Central"
USA,"AJC Grandstand Court"
USA,"Althea Gibson Club Court"
USA,"Alumni Hall"
USA,"Arthur Ashe Stadium"
USA,"Atkins Tennis Center Indoor - Indoor 1"
USA,"Atkins Tennis Center Indoor - Indoor 2"
USA,"Atkins Tennis Center Indoor - Indoor 3"
USA,"Atkins Tennis Center Indoor - Indoor 4"
USA,"Atlantic Radiology Court"
USA,"Backer Mckenzie"
USA,"Barnes Stadium"
USA,"Billingsley Tennis Center - Court 01"
USA,"Billingsley Tennis Center - Court 02"
USA,"Billingsley Tennis Center - Court 03"
USA,"Billingsley Tennis Center - Court 04"
USA,"Billingsley Tennis Center - Court 05"
USA,"Billingsley Tennis Center - Court 06"
USA,"Bloomington - Court 5"
USA,"Bloomington - Court 6"
USA,"Bloomington - Court 7"
USA,"Bloomington - Court 8"
USA,"Brenda Meyers Court"
USA,"Burrows-Burleson Tennis Center - Court 1"
USA,"Burrows-Burleson Tennis Center - Court 2"
USA,"Burrows-Burleson Tennis Center - Court 3"
USA,"Burrows-Burleson Tennis Center - Court 4"
USA,"Burrows-Burleson Tennis Center - Court 5"
USA,"Burrows-Burleson Tennis Center - Court 6"
USA,"Butch Buchholz"
USA,"Cammisa Court"
USA,"Campus Field"
USA,Center
USA,"Center Court"
USA,"Center Court 1"
USA,"Center Court 2"
USA,"Champions' Court"
USA,"Chapel Hill - Court 1"
USA,"Chapel Hill - Court 2"
USA,"Chapel Hill - Court 3"
USA,"Chuang/De Leon Family"
USA,"Court 01"
USA,"Court 02"
USA,"Court 05"
USA,"Court 06"
USA,"Court 1"
USA,"Court 10"
USA,"Court 11"
USA,"Court 12"
USA,"Court 13"
USA,"Court 14"
USA,"Court 15"
USA,"Court 16"
USA,"Court 17"
USA,"Court 18"
USA,"Court 19"
USA,"Court 2"
USA,"Court 20"
USA,"Court 21"
USA,"Court 23"
USA,"Court 3"
USA,"Court 3 Stadium"
USA,"Court 4"
USA,"Court 5"
USA,"Court 6"
USA,"Court 7"
USA,"Court 8"
USA,"Court 9"
USA,"Court A"
USA,"Court C"
USA,"Court G"
USA,"Court I"
USA,"Court N1"
USA,"Court N2"
USA,"Court N5"
USA,"Court N6"
USA,"Court P6"
USA,"Court R3"
USA,"Court R5"
USA,"Court S2"
USA,"Courtside Club 16"
USA,"Credit One Stadium"
USA,"Dan Magill Tennis Complex - Court 01"
USA,"Dan Magill Tennis Complex - Court 02"
USA,"Dan Magill Tennis Complex - Court 03"
USA,"Dan Magill Tennis Complex - Court 04"
USA,"Dan Magill Tennis Complex - Court 05"
USA,"Dan Magill Tennis Complex - Court 06"
USA,"David X Marks Tennis Stadium - Court 1"
USA,"David X Marks Tennis Stadium - Court 3"
USA,"David X. Marks Tennis Stadium - Court 2"
USA,"David X. Marks Tennis Stadium - Court 4"
USA,"David X. Marks Tennis Stadium - Court 5"
USA,"David X. Marks Tennis Stadium - Court 6"
USA,"Duckworth Family Tennis Facility - Court 01"
USA,"Duckworth Family Tennis Facility - Court 02"
USA,"Duckworth Family Tennis Facility - Court 03"
USA,"Duckworth Family Tennis facility - Court 04"
USA,"Duckworth Family Tennis Facility - Court 05"
USA,"Duckworth Family Tennis facility - Court 06"
USA,"Duckworth Family Tennis facility - Court 07"
USA,"Eck Tennis Facility - Court 1"
USA,"Eck Tennis Facility - Court 2"
USA,"Eck Tennis Facility - Court 3"
USA,"Eck Tennis Facility - Court 4"
USA,"Eck Tennis Facility - Court 5"
USA,"Eck Tennis Facility - Court 6"
USA,"Ed Smith Stadium"
USA,"Elizabeth Moore Court"
USA,"Eve Zimmerman Court"
USA,"Eve Zimmerman Tennis Center - Court 1"
USA,"Eve Zimmerman Tennis Center - Court 3"
USA,"Eve Zimmerman Tennis Center - Court 5"
USA,"Gene Cox Stadium"
USA,"Georgia Gwinnett - Court 03"
USA,"Georgia Gwinnett - Court 04"
USA,"Georgia Gwinnett - Court 06"
USA,"Goodfriend Tennis Center - Court 01"
USA,"Goodfriend Tennis Center - Court 02"
USA,"Goodfriend Tennis Center - Court 03"
USA,"Goodfriend Tennis Center - Court 04"
USA,"Goodfriend Tennis Center - Court 05"
USA,"Goodfriend Tennis Center - Court 06"
USA,Grandstand
USA,"Grandstand 1"
USA,"Grandstand 2"
USA,"Halton-Wagner Tennis Complex - Court 1"
USA,"Halton-Wagner Tennis Complex - Court 2"
USA,"Halton-Wagner Tennis Complex - Court 3"
USA,"Halton-Wagner Tennis Complex - Court 7"
USA,"Halton-Wagner Tennis Complex - Court 8"
USA,"Halton-Wagner Tennis Complex - Court 9"
USA,"Hamilton Family Stadium"
USA,"Headington Family Tennis Center - Court 1"
USA,"Headington Family Tennis Center - Court 2"
USA,"Headington Family Tennis Center - Court 3"
USA,"Headington Family Tennis Center - Court 4"
USA,"Headington Family Tennis Center - Court 5"
USA,"Headington Family Tennis Center - Court 6"
USA,"Headington Family Tennis Center - Indoor 1"
USA,"Headington Family Tennis Center - Indoor 2"
USA,"Headington Family Tennis Center - Indoor 4"
USA,"Headington Family Tennis Center - Indoor 5"
USA,"Headington Family Tennis Center - Indoor 6"
USA,"Hologic Court 2"
USA,"Hurd Tennis Center - Court 01"
USA,"Hurd Tennis Center - Court 02"
USA,"Hurd Tennis Center - Court 03"
USA,"Hurd Tennis Center - Court 04"
USA,"Hurd Tennis Center - Court 05"
USA,"Indoor 1"
USA,"Indoor 10"
USA,"Indoor 11"
USA,"Indoor 12"
USA,"Indoor 2"
USA,"Indoor 3"
USA,"Indoor 4"
USA,"Indoor 5"
USA,"Indoor 6"
USA,"Indoor 8"
USA,"Indoor 9"
USA,"Indoor Court 1"
USA,"Indoor Ct1"
USA,"Indoor Ct3"
USA,"James T. Driscoll"
USA,"Jim and Nell Hawkins Indoor Tennis Center - Court 1"
USA,"Jim and Nell Hawkins Indoor Tennis Center - Court 2"
USA,"Jim and Nell Hawkins Indoor Tennis Center - Court 3"
USA,"Jim and Nell Hawkins Indoor Tennis Center - Court 4"
USA,"Jim and Nell Hawkins Indoor Tennis Center - Court 5"
USA,"Jim and Nell Hawkins Indoor Tennis Center - Court 6"
USA,"John Harris Court"
USA,"Kei Nishikori Court"
USA,Kennedy-Grossman
USA,"Kennedy-Grossman Court"
USA,"Lake Las Vegas Sports Club - Court 1"
USA,"Lake Las Vegas Sports Club - Court 2"
USA,"Lake Las Vegas Sports Club - Court 3"
USA,"Lake Las Vegas Sports Club - Court 4"
USA,"Lake Las Vegas Sports Club - Court 5"
USA,"Lake Las Vegas Sports Club - Court 6"
USA,"Landings Company Court"
USA,"Larry Greenspon Court"
USA,"Leif Haase Court"
USA,"Levy Tennis Pavilion - Court 01"
USA,"Levy Tennis Pavilion - Court 02"
USA,"Levy Tennis Pavilion - Court 03"
USA,"Levy Tennis Pavilion - Court 04"
