complex_name,total
"Buenos Aires Lawn Tennis Club",29
"Melbourne Park",28
"Queensland Tennis Centre",25
"Hurd Tennis Center",24
"Foro Italico",23
"AELTC Wimbledon Qualifying and Community Sports Centre",23
"Club Tennis Las Terrazas de Miraflores",22
"Qi Zhong Tennis Center",22
"Indian Wells Tennis Garden",21
"Megasaray Tennis Academy",21
"Stade Roland Garros",20
"All England Lawn Tennis and Croquet Club",19
"National Tennis Center",19
"Club Manquehue de Vitacura",19
"Omega Sport Center",19
"Nottingham Tennis Centre",18
"Santo Domingo Tennis Club La Bocha",18
"Clube Hipico Santo Amaro",18
"Jockey Club Brasileiro",17
"USTA Billie Jean King National Tennis Center",17
"Hot Springs Tennis Center",17
"Club Internacional de Foot-ball",17
"Circolo Tennis Hugo Simmen",17
"Sport Social Club",17
"Victoria Park Tennis Court",16
"Lindner Family Tennis Center",16
"Tennis Club Sparta Praha",16
"Manuka Doctor Arena",16
"Club Jacaranda Cumbaya",15
"Sobeys Stadium",15
"Sporting Club de Tenis Valencia",15
"National Tennis Center",15
"Cary Leeds Center for Tennis & Learning",15
"Salinas Golf & Tennis Club",15
"Villa Primrose",15
"Club Tennis Girona",15
"Complexo De Tenis Do Jamor",15
"National Tennis Center",14
"Hengqin International Tennis Center Zhuhai",14
"Optics Valley International Tennis Center",14
"Madrid Arena",14
"Centro Panamericano de Tenis",14
"Ilkley Lawn Tennis and Squash Club",14
"Eurosporting Cordenons",14
"National Tennis Center",14
"Solano Community College",14
"Real Club de Tenis Betis",14
"Multisport Sports Club",14
"Clube Cristovao Colombo",14
"Wake Forest Tennis Center",14
"Mallorca Country Club Santa Ponsa",13
"Country Time Club",13
"Hard Rock Stadium",13
"XS Tennis Village",13
"Payne Park Tennis Facility",13
"TTF Istanbul Tenis Merkezi",13
"National Tennis Center",13
"Hilary J. Boone Tennis Center",13
"Jockey Club del Peru",13
"Olympic Park Tennis Center",12
"Devonshire Park Lawn Tennis Centre",12
"Khalifa International Tennis & Squash Complex",12
"St Jakobshalle Basel",12
"Club de Campo Villa de Madrid",12
"Club Campestre de Pereira",12
"Tennis Club Garden",12
"A.S.D. Tennis Club Como",12
"SEB Arena",12
"Sports Center Salata",12
"Hume Tennis & Community Centre",12
"Bali Country Club",12
"Caja Magica",11
"International Tennis Hall of Fame",11
"Connecticut Tennis Center",11
"Tennis Club de Strasbourg",11
"Club Sonoma",11
"Am Rothenbaum",11
"Real Club de Tenis Barcelona",11
"Sociedade Hipica de Campinas",11
"Eve Zimmermann Tennis Center",11
"Shenzhen International Tennis Center",11
"River Oaks Country Club",11
"AAJB Tennis",11
"National Sport Center Nanchang",11
"Seoul Olympic Park Tennis Center",11
"Padiglione Conza",11
"Taipei Tennis Center",11
"Westwood Country Club",11
"Ty Tucker Tennis Center",11
"Headington Family Tennis Center",11
"Taipei Arena",10
"Tianjin Tuanbo International Tennis Center",10
"Edgbaston Priory Club",10
"Hiroshima Regional Park",10
"Sichuan International Tennis Center",10
"Tennis Center Novak",10
"Tiburon Peninsula Club",10
"Ningbo Tennis Center of WTA Ningbo, China w42",10
"Atkins Tennis Center",10
"Clube de Tenis do Estoril",10
"Jinwol International Tennis Court",10
"Stan Sheriff Center",10
"Circolo Della Stampa Sporting",10
"Club Campestre de Aguacalientes A.C.C.",10
"TC RW-Troisdorf e.V",10
"Owl Arena",10
"Tennis St-Luc - Les Loisirs De Granby",10
"Rafa Nadal Academy",10
"Skanes Family Hotel Monastir",10
"Spo1 Park",10
"Ehime Prefectural Sports Complex",10
"Complejo Deportivo Pedro Muñoz",10
"Guangzhou Nansha International Tennis Center",10
"Wuxi International Tennis Center",10
"Tênis Clube de Santos",10
"Sid And Hazel Dillon Tennis Center",10
"Gezira Sporting Club",10
"Club de Tenis Puente Romano",9
"Valletta Cambiaso",9
"Kitzbuhel Tennis Club Sportfeld 2",9
"BNR arena",9
"MTTC Iphitos e.V.",9
"Osten & Victor Alberta Tennis Centre",9
"Boars Head Resort",9
"Burnie Tennis Club",9
"Mamushidani Tennis Courts, Keio University",9
"Fitzerald Tennis Center Rock Creek Park",9
"TC Rüppurr",9
"Center Plains Tennis Center",9
"Club de Tenis Santa Cruz",9
"Braunschweiger Tennis und Hockeyclub",9
"Cary Tennis Park",9
"Legia Tenis & Golf",9
"Wojska Polskiego",9
"Clube de Tenis de Braga",9
"Tennis Club Napoli",9
"Abama Tennis Academy",9
"Monte-Carlo Country Club",9
"Country Club Aixois",9
"Tennis Club de Troyes",9
"C.D. Open Tenis Ciudad de Pozoblanco",9
"Winnipeg Lawn Tennis Club",9
"Akademia Tenisowa Tenis Kozerki",9
"Yokkaichi Tennis Center",9
"Club Tennis Els Gorchs",9
"Corredor Turistico SJC-CSL",9
"Country Club Las Palmas",9
"Clube de Tenis do Porto",9
"The Tennis Club at Newport Beach",9
"Bluesun Tennis Center",8
"Delray Beach Tennis Center",8
"Utsubo Tennis Center",8
"Tennis Club de Lyon",8
"Yang-Ming Tennis Centre",8
"Miki Disaster Management Park",8
"Dubai Duty Free Tennis Stadium",8
"TK Sparta Praha",8
"El Club el Carmel",8
"Club Deportivo Potosino",8
"Tali Tennis Center",8
"Stade Iga",8
"Tennis Palladio 98",8
"Istiklol Tennis Club",8
"NTC Arena",8
"Tennis Club Todi 1971",8
"ATP Stadion Goran Ivanisevic",8
"Tennis Club Triestino",8
"Liberec Tennis Club",8
"Tennis Club "Tennispark"",8
"Club Rancho San Francisco",8
"Barnes Tennis Center",8
"Iate Club de Brasilia",8
"Public Security Officers Club",8
"Parque Parota",8
"Centro Deportivo Chapultepec",8
"Teniski Klub Split",8
"Forestmeadows Tennis Center",8
"Varazdin Arena",8
"Franklin Creek Tennis Center",8
"Parc ded Sports de Marville",8
"Club de Tenis Coquimbo",8
"USTA National Campus",8
"CTC Corrientes Tennis Club",8
"Hollyburn Country Club",8
"Stade Toulousain Tennis Club",8
"Club Nautico Hacoaj",8
"Complexe Jean Jaures",8
"Yucatan Country Club",8
"Parque Distrital de Raquetas",8
"Academy Zhangjiagang",8
"Club Compensar Sede 220",8
"Tennis Club Terranova",8
"Graciosa Country Club",8
"Jurerê Sports Center",8
"Arena GNP Seguros",8
"Sporting Club Verona",8
"Green Tennis Plaza",8
"Arena Chisinau Tennis Club",8
"Teniski Klub Crvena Zvezda",8
"Jingshan Tennis Training Base",8
"Maaspoort Den Bosch",8
"Novaworld International Tennis Complex",8
"Palais des sports de Gerland",7
"Palais Des Sport",7
"Salle Steredenn",7
"Canberra Tennis Centre",7
"Ariake Coliseum & Ariake Tennis Forest Park",7
"Guangzhou Tianhe Sports Center",7
"Tennis Club 1.FCN",7
"Tennis Club de Geneve",7
"Almaty Tennis Center",7
"Liuzhou Tennis Center",7
"Rice Stadium (Brian Patterson Sports Performance Center)",7
"Mhalunge Balewadi Tennis Complex",7
"Ohio State Varsity Tennis Center",7
"Au Tennis Club De Tunis",7
"Tennisclub Heilbronn am Trappensee",7
"Aspria Harbor Club",7
"Olympic Tennis Courts",7
"Palais des Sports",7
"Palalido Allianz Cloud",7
"Ostravar Arena",7
"Zayed Sports City International Tennis Centre",7
"Complexo Tenis Monte Aventino",7
"TC GM Sports Anif",7
"Ciric Sport Base",7
"Amersfoort Lawn Tennis Club",7
"LTV 1899",7
"Sporting Club De Cassis",7
"Circolo Tennis Villa Carpena",7
"Arena Loire Trelaze",7
"Tennis Academy El Cortijo Club De Campo",7
"The Lawn Tennis Association of Thailand",7
"TK Slovan Bratislava",7
"Tennisclub Zug",7
"Tennis Club Saint Tropez",7
"Palacio de Deportes Jose Maria Martin Carpena",7
"Club de Tennis La Bisbal Centre Esportiu",7
"TC Augsburg Siebentischwald E.V",7
"Hangzhou Olympic Sports Centre Gymnasium",7
"Guangzhou Development District International Tennis School",7
"Club Campestre Farallones",7
"Palmira Tennis Club",7
"ATP Stadium Goran Ivanisevic",7
"Eemslag Tennis and Padel Bunschoten",7
"Skip and Cindy Hogan Tennis Center",7
"ETUF Essen",7
"Duckworth Family Tennis Facility",7
"Porsche Arena",6
"Wake Forest University Tennis Complex",6
"Royal Tennis Club de Marrakech",6
"Family Circle Tennis Center",6
"Wiener Stadthalle",6
"Bastad Tennis Stadium",6
"Autotron Rosmalen",6
"Shenzhen Luohu Tennis Centre",6
"Rama Gardens Hotel",6
"ŠRC MARINA PORTOROŽ",6
"Anexo Guayaquil Tennis Club",6
"Goodfriend Indoor Tennis Center",6
"Karnataka State Lawn Tennis Association",6
"Newport Beach Tennis Club",6
"Salle Collete-Benson",6
"Launceston Regional Tennis Centre",6
"True Arena Hua Hin",6
"Estadio Mario Alberto Kempes",6
"Tennis Club Weissenhof",6
"San Jose State University Tennis Center",6
"Olympic Tennis School",6
"Playford City Tennis Centre",6
"Guayaquil Tennis Club",6
"Bendigo Tennis Centre",6
"Complexe Tennistique Marie-Louise Lhuillier",6
"Club Deportivo Universidad Catolica",6
"TK As Timok",6
"Istanbul Tennis Center",6
"Rebsamen Tennis Center",6
"Associazione Tennis Verona",6
"Rakiura Resort",6
"Jan Group Arena",6
"Styslinger Altec Tennis Complex",6
"Tennis Club Saint-Brieuc",6
"Tennis Sanremo",6
"Tampereen Tenniskeskus Oy",6
"Circolo Tennis Bari",6
"Palais des Sports Orleans",6
"Utilita Arena Birmingham",6
"Stanford Taube Tennis Center",6
"National Bank Tennis Hub @ West St Paul",6
"Autoclub Antofagasta",6
"National Tennis Center (Beeline Arena)",6
"Ciudad Deportiva de Tampico",6
"Tucuman Lawn Tennis Club",6
"Rick Macci Tennis Center",6
"David X Marks Tennis Stadium",6
"Royal SC Tennis",6
"Penina Hotel & Golf Resort",6
"KPI Park",6
"Sport Center Visnjik (Clay)",6
"Club de Golf Tres Marias",6
"George P Mitchell 40 Tennis Center",6
"University of Alabama Tennis Stadium",6
"Signature Slam Academy",6
"Goodfriend Tennis Center",6
"TC Empire Trnava",6
"Nudgee Grammar",6
"Michael and Anne Greenwood Tennis Center",6
"Churchie Grammar",6
"Jim and Nell Hawkins Indoor Tennis Center",6
"Burrows-Burleson Tennis Center",6
"Dan Magill Tennis Complex",6
"Halton-Wagner Tennis Complex",6
"Queens Park",6
"Reis Tennis Center (Cornell)",6
"Sungent International Tennis Center",6
"Chiappetta Sport Village",6
"Green Golf and Tennis Club",6
"Billingsley Tennis Center",6
"French Touch Academy",6
"K-Town Resort",6
"Eck Tennis Facility",6
"Levy Tennis Pavilion",6
"Lake Las Vegas Sports Club",6
"Wuning International Tennis Center",6
"Nielsen Tennis Stadium",6
"Yarbrough Tennis Center",6
"Centre de Tennis Synex Assurance - Universite Laval",6
"Club Sonoma, Estadio Gnp Seguros",5
"Roy Emerson Arena",5
"Complexo de Tenis do Jamor",5
"The Drive",5
"CK Sportcenter Kockelscheuer",5
"Kungliga Tennishallen",5
"The Queen's Club",5
"Farum Arena",5
"Darling Tennis Center",5
"Emirates Arena",5
"Cantegril Country Club",5
"Parc des Expositions Quimper Cornouaille",5
"T Bar M Racquet Club",5
"SDAT Tennis Stadium",5
"Complexe Sportif Chantereyne",5
"Palais des Sports de Pau",5
"The Phoenix Country Club",5
"Ferrero Tennis Academy",5
"Tennis Club Dinamo",5
"Delmar International School",5
"Les Arenes de Metz",5
"Sportpark Ismaning",5
"Alex Metreveli Tennis Club",5
"National Tennis Centre",5
"Tenis Centar Maksimir",5
"Tennis Club Perugia",5
"LTP Tennis Mount Pleasant",5
"Centro Tennis Cassa di Risparmio",5
"Jacobs Pavilion at Nautica",5
"Tennis Club Tulln",5
"Ted Sports Club",5
"Lyttos Sportscenter",5
"Enka Spor Kulubu",5
"Club Tungurahua",5
"Tennis Club Pamira",5
"New Country Tennis Academy",5
"Danubis Tenniscenter Mauthausen",5
"Circolo Tennis Francavilla al Mare Sporting Club",5
"Tenisovy Klub Prostejov",5
"Tennis Club Gaiba - Gaibledon",5
"Tenis Club Argentino",5
"Tennis Club de Contrexeville",5
"Rome Tennis Center",5
"Arena Montpellier",5
"Pearson Automotive Tennis Club",5
"Nacionalni Trening Centar Teniskog",5
"Tennis Club Ortisei",5
"Olme Sport",5
"Estadio Espanol Chiguayante",5
"Rome Tennis Center at Berry College",5
"Tenis Centar Firule",5
"Cranbrook Kingswood Tennis Complex",5
"Tivoli Tennis Center",5
"Mosrir Courts",5
"Hacienda Chicureo",5
"Kicukiro Ecology Tennis Club",5
"Baza Sportiva Olimpia",5
"Jiujiang International Tennis Center",5
"All In Country Club Decines",5
LSU,5
"Clube Tenis Portimao",5
"Georgia Gwinnett",5
"Club Tenis Ciutadella",5
"Carvoeiro Clube de Tenis",5
"Le Central Tennis Club",5
"Tennis club "Favourite"",5
"Tennis Club Jug",5
"TG Nord Dusseldorf e.V.",5
"TC Rot Weiss Hagen",5
"TENNISGESELLSCHAFT ROT-WEISS Monchengladbach",5
"TC Blau-Gelb Bonn-Beuel",5
"Complexo Municipal de Ténis de Caldas da Rainha",5
"Top Run",5
"Stadion Sports Center",5
"MAX TENIS CLUB",5
"The Liguanea Club",5
"Eintracht Frankfurt Tennis",5
"Arena Armeets Sofia",5
Kindarena,4
"Estadio German Becker",4
"Sibur Arena",4
Palasport,4
"Rotterdam Ahoy",4
"Brest Arena",4
"Royal Arena",4
"Singapore Indoor Stadium",4
"Atlantic Station",4
"I. Czech Lawn Tennis Club Praha",4
"Romai Tennis Academy",4
"Club Naval de Campo las Salinas",4
"Paris La Defense Arena",4
"Country Club de Bogota",4
"Lotto Arena",4
"Carrasco Lawn Tennis Club",4
"Racket Club, Argentina",4
"Cleveland Racquet Club",4
"Club Campestre Sede Llanogrande",4
"Club Los Lagartos",4
"Parc De La TeTe D'or",4
"Tennis Club Lillois Lille Metropole",4
"Mouratoglou Tennis Academy",4
"Murcia Tennis Club 1919",4
"Tenis Club Parma",4
"Francesco Guzzini Recanati Tennis Club",4
"Tennis Club Cagliari",4
"COMUNIDAD VALENCIANA",4
"Henan Provincial Sports Centre Stadium",4
"Cabo Sports Complex",4
"Tennis Club Ruppurr 1929 e. V.",4
"Park Mladen Stojanovic",4
"Le Liberte",4
"Sporting Poseidon",4
PalaNorda,4
"Greater Midland Tennis Center",4
"Tennis Club Roseto",4
"Castello Dusseldorf",4
"Lagardere Paris Racing Club",4
"Inacua Malaga",4
"Salzburg Tennis Club",4
"TK Spoje Praha",4
"Ohio State University",4
"Hamburger Tennis Verband e.V",4
"Circolo Tennis Rovereto",4
"Salle Omnisport de Rades",4
"Sportaktivpark Bad Waltersdorf",4
"Arena Co'Met",4
"Arena Sofia",4
"Good To Great Tennis Academy",4
"Bezirksstützpunkt Biberach",4
"Cricket Club of India",4
"Kachreti Golf Resort",4
"Bonn Tennis and Hockey Club",4
"Tennis Club Izida",4
"Montreux Tennis Club",4
"Las Hadas Golf & Country Club",4
Bloomington,4
"Atlantis The Palm",4
Manzanillo,4
"Sheraton Buganvilias Resort and Convention Center",4
"Complejo Deportivo San Carlos De Apoquindo",4
"Dan Maskell Tennis Centre",4
"Tcja Saint-Malo",4
"Club Tennis Vic",4
"Atkins Tennis Center Indoor",4
"Shimizu Zenzo Memorial Tennis",4
"Pakistan Tennis Federation",4
"University of Stirling",4
"Tennis-Club De Valere",4
Porsche-Arena,3
"Rizal Memorial Stadium",3
"IMG Academy",3
"Palais des Sports de Marseille",3
"Acapulco Princess Mundo Imperial",3
"Union Sportive des Cheminots du Maroc",3
"LTTC Rot-Weiss",3
"Tokyo Metropolitan Gymnasium",3
"Palais des sports de Beaublanc",3
"Domain Tennis Centre",3
"EPG Arena",3
"SYMA Sports and Conference Centre",3
"Hotel Racquet Cuernavaca",3
"Laurel Oak Country Club",3
"Tennis Club du Stade-Lausanne",3
"Tips Arena Linz",3
"House of Sports",3
"Complexo Municipal de Tenis da Maia",3
"Club Deportivo La Asuncion",3
"Club Internacional de Tenis",3
"TOP SEED TENNIS CLUB",3
"TC Bad Homburg",3
"Forte Village Resort",3
"North-West University Tennis Complex",3
"Club De Campo Bellavista",3
"Cordoba Lawn Tennis Club",3
"President Tennis Club",3
"Arka Tennis Club",3
"The Thoreau Club",3
"SC Ostrava",3
"Circolo Tennis Maggioni",3
"National Tennis Centre",3
"Centro Libanes Mexicano de Tampico",3
"Tennis Interieur Rene Verrier",3
"Conde Jackson Tennis Club Maspalomas",3
"Club Campestre",3
"Tennis Club Rot Weiss Troisdorf E. V.",3
"Club La Meridiana",3
"Arena BRB",3
"Jockey Club de Rosario",3
"Delhi Lawn Tennis Association",3
"Emilio Sanchez Academy",3
"Club Tennis Lleida",3
"Victoria Park Tennis Stadium",3
"Tennis Club Lokomotiv",3
"Robson Tennis Center",3
"Tennis Courts of the SW University Neofit Rilski",3
"Raquet Village",3
"Tennis Club Porto Rose",3
"Villa Reale Tennis Monza",3
"TC Blau-Gelb Bad Rappenau",3
"Tenis Centar Makarska Lukas Sport",3
"Fukui Sports Park",3
"Wimbledon Tennis and Pickleball Club",3
"Circolo Antico Tiro a Volo",3
"Nautica Entertainment Complex",3
"Parque Villa Lobos",3
"Associazione Tennis Tolentino",3
"Yinzhou International Tennis Centre",3
"TechSet Academy",3
"Super9 Tennis Park",3
"Club Campestre Queretaro",3
"Austin Tennis Academy",3
"The Atlantis Tennis Academy",3
"Rohan Bopanna Tennis Academy",3
"S Tennis Academy Somabay",3
"Quito Tenis & Golf Club",3
"Chewning Tennis Center",3
"Itamirim Clube de Campo",3
"Fujairah Tennis & Country Club",3
"Teniski Klub Murska Sobota",3
"Leftwich Tennis Centre",3
"Tim Korth Tennis Courts",3
"National Tennis Center Moldova",3
"Irene Country Club",3
"Ntc Kosice",3
"Cranbrook Schools",3
"Cancun Country Sun & Golf Country Club",3
"Tenis Center Tivoli",3
"Estadio de La Cartuja",2
"Accor Arena",2
"BT Arena",2
"Ford Center at The Star",2
"Luzhniki Olympic Complex",2
"Tashkent Tennis Centreake",2
"Shenzhen Longgang Sports Center",2
"Lanxess Arena",2
"TC Ismaning",2
Vendéspace,2
"Sud de France Arena",2
"Circolo Tennis Barletta",2
"Kaya Palazzo Belek",2
"Circolo Tennis I Faggi",2
"OCBC Arena",2
"Le Scarabee",2
"Inalpi Arena",2
"Parque Olimpico do Rio de Janeiro",2
"Costa Verde Tenis Clube",2
"Tel Aviv International Convention Center",2
"Complexe Sportif du Blocry",2
"Telekom Center Athens",2
"Nice Lawn Tennis Club",2
"Hala Ricany",2
"Design Center Linz",2
"Almaty Arena",2
"Beograndska Arena",2
"Kallang Tennis Centre",2
"Spot - Salle Jean Burger",2
"Sarasota Sports Club",2
"Glenmore Athletic Park",2
"Fiera de Levante",2
"Brussels Expo – Palais 12",2
"Lsu Tennis Complex",2
"2 Rue du Bonheur",2
"Garanti Koza Arena",1
"The O2",1
"Stadium Goran Ivanisevic in ITC Stella Maris",1
"Shenzhen Bay Sports Center",1
"Qi zhong Forest Sports City Arena",1
"China National Tennis Center",1
"Gerry Weber Stadium",1
"Sanchez-Casal Tennis Academy",1
"Palazzetto dello Sport",1
"La Caja Magica",1
"National Taiwan University Sports Center",1
"Circolo del Tennis Firenze 1898",1
"Ice Palace Krylatskoye",1
"Kooyong Lawn Tennis Club",1
"Sparta Prague Tennis Complex",1
"Limak Arcadia Sport Resort",1
"Halle Tony Garnier",1
"Formula Tennisa Lakhta",1
"Ljubicic Tennis Academy",1
"Steffi-Graf Stadium",1
"Baza Sportiva Ciric",1
Nacional,1
"Hengqin Tennis Center",1
"Estadio Paradisus Cancun Quintana Roo",1
"Vitality Slezsko",1
"Tiriac Stadium",1
"ANB Arena",1
"loanDepot park",1
"Netanya Stadium",0
"Poliesportiu d'Andorra",0
"Shlomo Group Arena",0
"Ohio State University GC",0
"Complexe Al Amal",0
"Clube de Ténis do Estoril",0
"The Racquet Club of Memphis",0
"Singapore Sports Hub",0
"Linzer Sporthalle",0
"Santa Catarina Tennis Federation",0
"Baku Tennis Academy",0
"Taube Tennis Stadium",0
"Club Campestre El Rancho",0
"Centre Municipal de Tennis Vall d Hebron",0
"Tennis Center at Crandon Park",0
"Indian Wells Tennis Garden",0
"Aviation Club Tennis Centre",0
"Indianapolis Tennis Center",0
"SKT Sopot",0
L'Agora,0
"ASB Tennis Centre",0
"NSW Tennis Centre",0
"Nice Lawn Tennis Club",0
"Koza World of Sport Complex",0
"Europe Tennis Center",0
"Tennis Club Lido Lugano",0
"Nemzeti Edzes Kozpont",0
"Swiss Tennis Arena",0
"Nanchang International Tennis Center",0
"Louisville Boat Club",0
Rochusclub,0
"Royal Primerose Tennis Club",0
"The Tennis Center at College Park",0
"Racquet Club of the South",0
"Atlanta Athletic Club",0
"Club Avantage Multi-Sports",0
"Delmar International School",0
"OMNI LA COSTA RESORT & SPA",0
"Fangcun Tennis Sports Center",0
"Netaji Indoor Stadium",0
"Holiday Inn Crowne Plaza Hotel Asheville",0
"Ligue d'Alsace de Tennis",0
"Fes Country Club",0
"KSLTA Signature - Kingfisher Stadium",0
"Warszawianka Tennis Centre",0
"Amelia Island Plantation Resort",0
"El Recinto Ferial Casa de Campo",0
"Impact Arena",0
"Pörtschach Werzer Arena",0
"Hilton DFW Lakes",0
"Sportingclub Bokkeduinen",0
"Baku Tennis Academy",0
"Copper Box Arena",0
"Circolo del Tennis Firenze 1898",0
"Solano Community College Tennis Center",0
"Shree Shiv Chhatrapati Sports Complex",0
"Uber Arena",0
"Sporting Milano 3",0
"Fiera Milano stadium",0
"AXA Arena NTC",0
"Francoise Savatier",0
"Francoise Savatier",0
"True Arena Hua Hin",0
"Manquehue Sports Club",0
"The Phoenix Country Club",0
"Tennis Club Kastela",0
"Sala Polivalenta Piatra Neamt",0
"The National Tennis Development Center",0
"Complejo Polideportivo de Cuidad Merliot",0
"Arena Gliwice",0
"Israel Tennis Center",0
"National Tennis Centre Lielupe",0
Palexpo,0
"RT Torax Arena",0
"Shree Shiv Chhatrapati Sports Complex",0
"Hakons Hall",0
DTB-Stutzpunkt,0
"Tennis Center, Roncaddizza",0
"University of Michigan Varsity Tennis Center",0
"Palais Des Sports De Gerland",0
"Pakistan Sports Complex",0
"Club Megasaray Tennis Centre",0
"Automobile and Touring Club of Lebanon",0
"Club Lawn Tennis de la Exposicion",0
"Oslo Tennis Arena",0
"Siauliai Tennis Academy",0
"Federacion Nacional De Tenis",0
"Costa Rica Country Club",0
"TK Magnet",0
"O2 Arena",0
"Palasport Biella",0
"Hala Na Skarpie",0
"National Tennis Centre",0
"Elite Tennis Club",0
"Winners Sports Club",0
"Tennis Centre Portoroz",0
"National Tennis Centre",0
"Club de Polo y Equitacion San Cristobal",0
"Delhi Gymkhana Club",0
"Rixos Premium Belek",0
"Toto Hakriya Ashdod Arena",0
"Forus Tenniscenter",0
"Ace Tennis Club",0
"Adani Arena Rockhampton",0
"Etihad Arena",0
"Tennis Academy SET",0
"Centro Cultural de Viana do Castelo",0
"The Lawn Tennis Association of Thailand",0
"Rio Tennis Academy",0
"Arenes de Metz",0
"Stade Pierre-de-Coubertin",0
"Pabellon Municipal Fuente San Luis",0
"Unipol Arena",0
"AO Arena",0
"Garikula Tennis Club",0
"ILT Stadium",0
"Tennis Club Mostar",0
"Helikon Teniszcentrum",0
"Multiversum Schwechat",0
"Tenis Club IDU",0
"Royal Stage",0
"Mini Stadium",0
"Complejo de Tenis Marcelo Arevalo",0
"Playford Tennis Centre",0
"Smash Sporting Club",0
"Le Chaudron",0
"Tennis Club De Tunis",0
"Arena Gripe",0
"Community Sport Centre",0
"Fly Palmy Arena",0
"Palm Hills Sports Club",0
"Tennis Club de Avenir Sportif de la Marsa",0
"Courts De Tennis De La Cité Nationale Sportive El Menza",0
"Sala Polivalenta Craiova",0
"New Sport Palace",0
"Complejo de Raquetas",0
"DLTA Complex",0
"Monte-Carlo Country Club",0
"TENIS ESKRIM DAGCILIK KULÜBÜ",0
"Beeline Arena",0
"Coque Luxenbourg",0
"Boulevard de las Naciones and Paseo de los Manglares",0
"OU Tennis Club",0
"Chase Center",0
"SuperTennis Arena - BolognaFiere",0
"S.M. Krishna Tennis Stadium",0
"Parque Deportivo Estadio Nacional",0
"Nadderud Arena",0
"Multifunctional Sports Venue Kolodrum Plovdiv",0
"Gijang Stadium",0
"Tatabanyai Multifunkcionalis Sportcsarnok",0
"Horacka Arena",0
"Doug Mitchell Thunderbird Arena",0
"McKay Stadium",0
"Bela dvorana Velenje",0
"Union Sportive Marocaine Tennis Club",0
"Taekwondo Faliro Olympic Center",0
"Coque - Centre National Sportif et Culturel",0
"Coretec Dome",0
"ASD Colle degli Dei",0
"Rtshor Tennis Stadium",0
