venue_id,venue_name,city_name,country_name,country_code,timezone,complex_id
sr:venue:13830,"Cancha 1",Santiago,Chile,CHL,America/Santiago,sr:complex:62419
sr:venue:13832,"Cancha 3",Santiago,Chile,CHL,America/Santiago,sr:complex:62419
sr:venue:15858,"Centre Court",Santiago,Chile,CHL,America/Santiago,sr:complex:62419
sr:venue:15860,"Court 16",Santiago,Chile,CHL,America/Santiago,sr:complex:62419
sr:venue:15862,"Court 15",Santiago,Chile,CHL,America/Santiago,sr:complex:62419
sr:venue:15864,"Court 11",Santiago,Chile,CHL,America/Santiago,sr:complex:62419
sr:venue:1602,"Cancha Central",Santiago,Chile,CHL,America/Santiago,sr:complex:62419
sr:venue:1603,"Court 2",Santiago,Chile,CHL,America/Santiago,sr:complex:62419
sr:venue:1604,"Cancha 4",Santiago,Chile,CHL,America/Santiago,sr:complex:62419
sr:venue:1605,"Cancha 6",Santiago,Chile,CHL,America/Santiago,sr:complex:62419
sr:venue:17100,"Court 1",Santiago,Chile,CHL,America/Santiago,sr:complex:50605
sr:venue:17102,"Court 2",Santiago,Chile,CHL,America/Santiago,sr:complex:50605
sr:venue:17104,"Court 3",Santiago,Chile,CHL,America/Santiago,sr:complex:50605
sr:venue:2233,"Cancha 14",Santiago,Chile,CHL,America/Santiago,sr:complex:62419
sr:venue:2234,"Cancha 16",Santiago,Chile,CHL,America/Santiago,sr:complex:62419
sr:venue:2235,"Cancha 17",Santiago,Chile,CHL,America/Santiago,sr:complex:62419
sr:venue:25740,"Court 4",Santiago,Chile,CHL,America/Santiago,sr:complex:62419
sr:venue:26008,"Cancha Central",Santiago,Chile,CHL,America/Santiago,sr:complex:50605
sr:venue:26188,Central,Santiago,Chile,CHL,America/Santiago,sr:complex:62419
sr:venue:26202,"Cancha 7",Antofagasta,Chile,CHL,America/Santiago,sr:complex:73997
sr:venue:26204,"Cancha 8",Antofagasta,Chile,CHL,America/Santiago,sr:complex:73997
sr:venue:2922,"Cancha 2","Vina del Mar",Chile,CHL,America/Santiago,sr:complex:33486
sr:venue:2936,"Cancha 1","Vina del Mar",Chile,CHL,America/Santiago,sr:complex:33486
sr:venue:35804,"Cancha Central","Vina del Mar",Chile,CHL,America/Santiago,sr:complex:33486
sr:venue:35806,"Court 5","Vina del Mar",Chile,CHL,America/Santiago,sr:complex:33486
sr:venue:35892,"Court 6",Santiago,Chile,CHL,America/Santiago,sr:complex:62419
sr:venue:35916,"Court 7",Santiago,Chile,CHL,America/Santiago,sr:complex:62419
sr:venue:35918,"Court 8",Santiago,Chile,CHL,America/Santiago,sr:complex:62419
sr:venue:50607,"San Carlos De Apoquindo",Santiago,Chile,CHL,America/Santiago,sr:complex:50605
sr:venue:57190,"Cancha Central",Concepcion,Chile,CHL,America/Santiago,sr:complex:57188
sr:venue:57192,"Cancha 1",Concepcion,Chile,CHL,America/Santiago,sr:complex:57188
sr:venue:57194,"Cancha 2",Concepcion,Chile,CHL,America/Santiago,sr:complex:57188
sr:venue:57598,"Cancha 11",Santiago,Chile,CHL,America/Santiago,sr:complex:62419
sr:venue:63411,"Center Court",Coquimbo,Chile,CHL,America/Santiago,sr:complex:63409
sr:venue:63413,"Court 1",Coquimbo,Chile,CHL,America/Santiago,sr:complex:63409
sr:venue:63415,"Court 3",Coquimbo,Chile,CHL,America/Santiago,sr:complex:63409
sr:venue:63417,"Cancha 4",Coquimbo,Chile,CHL,America/Santiago,sr:complex:63409
sr:venue:63419,"Court 2",Coquimbo,Chile,CHL,America/Santiago,sr:complex:63409
sr:venue:66897,"Cancha Central",Coquimbo,Chile,CHL,America/Santiago,sr:complex:63409
sr:venue:66899,"Cancha 2",Coquimbo,Chile,CHL,America/Santiago,sr:complex:63409
sr:venue:66901,"Cancha 3",Coquimbo,Chile,CHL,America/Santiago,sr:complex:63409
sr:venue:67651,"Court 5",Colina,Chile,CHL,America/Santiago,sr:complex:75070
sr:venue:67857,"Cancha Central",Temuco,Chile,CHL,America/Santiago,sr:complex:11769
sr:venue:67859,"Cancha 1",Temuco,Chile,CHL,America/Santiago,sr:complex:11769
sr:venue:67861,"Cancha 2",Temuco,Chile,CHL,America/Santiago,sr:complex:11769
sr:venue:67863,"Cancha 3",Temuco,Chile,CHL,America/Santiago,sr:complex:11769
sr:venue:69263,"Cancha Central",Concepcion,Chile,CHL,America/Santiago,sr:complex:69183
sr:venue:69265,"Cancha 1",Concepcion,Chile,CHL,America/Santiago,sr:complex:69183
sr:venue:69267,"Cancha 2",Concepcion,Chile,CHL,America/Santiago,sr:complex:69183
sr:venue:70045,"Cancha Central",Santiago,Chile,CHL,America/Santiago,sr:complex:705
sr:venue:73999,"Cancha Central",Antofagasta,Chile,CHL,America/Santiago,sr:complex:73997
sr:venue:74001,"Court 1",Antofagasta,Chile,CHL,America/Santiago,sr:complex:73997
sr:venue:74003,"Court 2",Antofagasta,Chile,CHL,America/Santiago,sr:complex:73997
sr:venue:74005,"Court 3",Antofagasta,Chile,CHL,America/Santiago,sr:complex:73997
sr:venue:74980,"Centre Court",Colina,Chile,CHL,America/Santiago,sr:complex:75070
sr:venue:74982,"Court 1",Colina,Chile,CHL,America/Santiago,sr:complex:75070
sr:venue:74984,"Court 2",Colina,Chile,CHL,America/Santiago,sr:complex:75070
sr:venue:75120,Grandstand,Colina,Chile,CHL,America/Santiago,sr:complex:75070
sr:venue:76925,"Court Jaime Fillol",Santiago,Chile,CHL,America/Santiago,sr:complex:50605
sr:venue:77491,"Cancha 7",Concepcion,Chile,CHL,America/Santiago,sr:complex:69183
sr:venue:77493,"Cancha 3",Concepcion,Chile,CHL,America/Santiago,sr:complex:69183
sr:venue:82225,"Cc. Banco De Chile",Santiago,Chile,CHL,America/Santiago,sr:complex:82223
sr:venue:82227,"C2 Shell",Santiago,Chile,CHL,America/Santiago,sr:complex:82223
sr:venue:82229,"C3 Costa",Santiago,Chile,CHL,America/Santiago,sr:complex:82223
sr:venue:82231,"C4 Skechers",Santiago,Chile,CHL,America/Santiago,sr:complex:82223
