venue_name,timezone
"Estadio Monumental",America/Lima
Stadium,Asia/Shanghai
"Court 2",Asia/Shanghai
"Court 7",Australia/Sydney
"Court 20",Australia/Melbourne
"Court 22",Australia/Melbourne
"Estadio Ivan Elias Moreno",America/Lima
"Stade Numa-Daly Magenta",Pacific/Noumea
"Cancha 5",America/Mexico_City
"Court 13",America/Los_Angeles
"Center Court",Africa/Casablanca
"Court 1",Africa/Casablanca
"Court 2",Africa/Casablanca
"Court 4",Africa/Casablanca
"SZ Court",Europe/Berlin
"Campo 1",Europe/Lisbon
"Center Court",Europe/Berlin
"Show Court",Europe/Berlin
"Court 1",Europe/Berlin
"Court 2",Europe/Berlin
"Court 9",Europe/Rome
"Court 11",Europe/Rome
"Halle des Sports",Europe/Paris
"Court 4",America/New_York
"Arthur Ashe Stadium",America/New_York
"Court 5",America/New_York
"Court 6",America/New_York
"Court 7",America/New_York
"Court 8",America/New_York
"Court 9",America/New_York
"Court 10",America/New_York
"Court 11",America/New_York
"Court 12",America/New_York
"Court 13",America/New_York
"Court A",Asia/Shanghai
"Court B",Asia/Shanghai
"Court 14",America/New_York
"Court C",Asia/Shanghai
"Court 15",America/New_York
"Cancha 10",America/Argentina/Buenos_Aires
"Cancha 11",America/Argentina/Buenos_Aires
"Cancha 2",America/Argentina/Buenos_Aires
"Court 16",America/New_York
"Stadium 17",America/New_York
"Louis Armstrong Stadium",America/New_York
Grandstand,America/New_York
"Center Court",Asia/Shanghai
"Court 2",Europe/Paris
"Court Banque Nationale",Canada/Eastern
"Court Central",Europe/Paris
"Court 1",Europe/Paris
CENTRALA,Europe/Bucharest
"SEMI CENTRALA",Europe/Bucharest
"Court 2",Europe/Bucharest
CENTRE,Asia/Tashkent
"COURT 3",Asia/Tashkent
"COURT 4",Asia/Tashkent
"COURT 5",Asia/Tashkent
"COURT 3",Europe/Bucharest
"Centre Court",Asia/Seoul
"Court 2",Asia/Seoul
"Court 13",Asia/Seoul
"Court 11",Asia/Seoul
"Quadra Guga Kuerten",Brazil/East
"Quadra 2",Brazil/East
Grandstand,America/Mexico_City
"Centre Court",Asia/Bangkok
"Court 1",Asia/Bangkok
Center,Asia/Shanghai
"Court 1",Asia/Shanghai
"Court 4",Asia/Shanghai
"Court 5",Asia/Shanghai
"Court 7",Asia/Shanghai
"Court 8",Asia/Shanghai
"Court 9",Asia/Shanghai
"Court 2",Asia/Shanghai
Grandstand,Asia/Shanghai
"Estadio GNP Seguros",America/Mexico_City
"Cancha 1",America/Mexico_City
"Cancha 2",America/Mexico_City
"Court 4",Asia/Shanghai
"Court 5",Asia/Shanghai
"Stadium Court",Asia/Shanghai
Center,Asia/Tokyo
"CENTRE COURT",America/Sao_Paulo
"Court 1",Asia/Tokyo
"COURT 3",America/Sao_Paulo
"COURT 4",America/Sao_Paulo
"Court 2",Asia/Tokyo
"Astana Arena",Asia/Almaty
"Cancha 1",America/Santiago
"Cancha 3",America/Santiago
"Cancha 8",America/Mexico_City
"Cancha Central",America/Mexico_City
"Court 3",America/Sao_Paulo
"Cancha 4",America/Mexico_City
"Cancha 3",America/Mexico_City
Center,America/New_York
"Court 4",America/New_York
"Centre Court",Europe/Vienna
"Court 5",America/New_York
"Court 4",Europe/Bucharest
"Court 5",Europe/Bucharest
"Court 10",Asia/Shanghai
"Court 3",Asia/Shanghai
"Match Court 1",Europe/Vienna
"Court 4",Asia/Shanghai
"Court 6",America/New_York
"Court 16",America/New_York
"Centre Court",Europe/Stockholm
"Centre Court",America/Bogota
"Court 2",America/Bogota
"Court 1",Europe/Moscow
"Court 4",America/Bogota
"Court Central",Africa/Tunis
"Court 1",Africa/Tunis
"Court 2",Europe/Moscow
"Centre Court",Asia/Taipei
"Court 2",Asia/Taipei
"Court 3",Europe/Berlin
"Court 3",Europe/Moscow
"Court 5",Africa/Tunis
"Centre Court",Europe/Prague
"Court 3",Europe/Prague
"Court 6",Europe/Prague
Center,America/New_York
CENTRAL,Europe/Paris
"Court 1",America/New_York
"Court 4",America/New_York
"Court 1",Europe/Paris
"Court 1",Europe/Stockholm
"Court 4",Europe/Prague
"Court 3",America/New_York
"Hortkorn Court",Europe/Berlin
"Court 1",Europe/Berlin
"Court 2",Europe/Berlin
"Center Court",Asia/Tashkent
"Court 1",Asia/Tashkent
"Court 2",Asia/Tashkent
"Court 3",Asia/Tashkent
"Court 4",Asia/Tashkent
"Court Ideal Groupe",Europe/Paris
"Court 11",Europe/Paris
"Show Court 1",Asia/Seoul
"Court 3",Asia/Seoul
"Court 5",Asia/Seoul
"Grand Stand Arena",Europe/Rome
"Court 12",Europe/Paris
"Court 3",Europe/Berlin
"Court 4",Europe/Berlin
"Center Court",Europe/Rome
"Court 1",Europe/Rome
"Court 2",Europe/Rome
"Court 5",Europe/Rome
"Center Court",Europe/Prague
"Court 1",Europe/Prague
"Court 1",Europe/London
"Court 3",Europe/London
"Centre Court",Europe/London
"Court 2",Europe/London
"Court 4",Europe/London
"Court 7",Europe/London
"Court 8",Europe/London
"Court 4",Europe/Berlin
"Court 5",Europe/Berlin
"Court 6",Europe/Berlin
"Centre Court",Asia/Tashkent
"Court 2",Asia/Tashkent
Central,Europe/Paris
"Court 1",Europe/Paris
"Court 1",Asia/Tashkent
"Court 4",Asia/Tashkent
"Court 5",Asia/Tashkent
"Centre Court",Europe/Prague
"Court A",Europe/Prague
"Ann Jones Centre Court",Europe/London
"Court 2",Europe/Paris
"Court 7",Europe/London
"Court 8",Europe/London
"Court 9",Europe/London
"Court 10",Europe/London
"Court 11",Europe/London
"Central Court",Asia/Shanghai
"Court 1",Asia/Shanghai
"Court 2",Asia/Shanghai
"Centre Court",Europe/Rome
Grandstand,Europe/Rome
"Court 13",Europe/Rome
"Court 3",Asia/Shanghai
"Central Court",Asia/Shanghai
"Court 1",Asia/Shanghai
"Court 2",Asia/Shanghai
"Court 3",Asia/Shanghai
"Center Court",Europe/Berlin
"Court 11",Europe/Berlin
Grandstand,Europe/Rome
"Campo 1",Europe/Rome
"Court 5",Europe/Berlin
"Court 7",Europe/Berlin
"Court D",Europe/Ljubljana
"Court C",Europe/Ljubljana
Centrale,Europe/Rome
"Campo 2",Europe/Rome
"Campo 3",Europe/Rome
"Court 3",Europe/Berlin
Centrale,Europe/Rome
Grandstand,Europe/Rome
"Court Central",Canada/Eastern
"Court 3",Canada/Eastern
"Court 4",Canada/Eastern
"Court 1",Canada/Eastern
"Court 7",Canada/Eastern
"Court 5",Europe/Zagreb
"Center Court",Europe/Helsinki
"Court 1",Europe/Helsinki
"Center Court",Asia/Almaty
"Court 1",Asia/Almaty
"Court 2",Asia/Almaty
"Court 3",Asia/Almaty
"Court 6",Asia/Almaty
"Stadium 1",America/New_York
"Court 3",America/New_York
"Court 6",America/New_York
"Court 2",Europe/Vienna
"Svijany Court",Europe/Prague
"Gea Court",Europe/Prague
"Mlyn Perner Court",Europe/Prague
"Center Court",Europe/Madrid
"Court 1",Europe/Madrid
"Court 2",Europe/Madrid
"Allianz Court",Europe/Prague
"Center Court",Europe/San_Marino
"Court 2 De Luigi",Europe/San_Marino
"Court 3",Europe/San_Marino
"Campo Centrale",Europe/Rome
"Campo 11",Europe/Rome
"Campo 12",Europe/Rome
"Campo 13",Europe/Rome
"Campo 14",Europe/Rome
"Court A",America/New_York
"Court 6",Asia/Bangkok
"Court 4",Asia/Bangkok
"Court 5",Asia/Bangkok
"Center Court",Europe/Rome
"Court 1",Europe/Rome
"Court 2",Europe/Rome
"Center Court",Europe/Rome
"Court 1",Europe/Rome
"Court 2",Europe/Rome
"Campo 3",Europe/Rome
"Centre Court",Asia/Hong_Kong
"Court 1",Asia/Hong_Kong
"Court 2",Asia/Hong_Kong
"Court Limak Enerji",Europe/Istanbul
"Centre Court",Europe/Sarajevo
"Court 5",Europe/Sarajevo
"Court 3",Europe/Madrid
"Court 2",Europe/Madrid
"Central Court",Europe/Warsaw
"Court 1",Europe/Warsaw
"Court 2",Europe/Warsaw
"Court 6",Europe/Istanbul
"Court 4",Europe/Sarajevo
"Court 3",Europe/Sarajevo
"Court 4",Asia/Seoul
"Cancha Central",America/Guayaquil
"Cancha 2",America/Guayaquil
"Centre Court",Asia/Seoul
"Court 1",Europe/Moscow
"Center Court",Brazil/East
"Court 1",Brazil/East
"Court 2",Brazil/East
"Center Court",Europe/Vienna
"Cancha 5",America/Guayaquil
"Court B",Europe/Vienna
"Court 2",Asia/Shanghai
"Court 3",Asia/Shanghai
"Court 4",Asia/Shanghai
"Court 5",Asia/Shanghai
"Court 1",Asia/Shanghai
"CENTER COURT",Europe/Moscow
"Center Court",Asia/Shanghai
"Court 1",Europe/Paris
"La Foret 3",Europe/Paris
"La Foret 4",Europe/Paris
"Centre Court",Europe/Bucharest
"Court 5",Europe/Bucharest
"Court Central",Europe/Paris
"Court 6",Europe/Bucharest
"Court 8",Europe/Bucharest
"Centre Court",Asia/Qatar
"Center Court",Europe/Zurich
"La Foret 1",Europe/Paris
"Court 2",Europe/Zurich
"Court 1",Europe/Madrid
"Pista 1",Europe/Madrid
"Brad Drewett",Asia/Shanghai
"Central Colette Besson",Europe/Paris
"Tennis Club De Bruz",Europe/Paris
"Stadium Court",America/Los_Angeles
"Court 1",America/Los_Angeles
"Court 4",America/Los_Angeles
"Court 2",Europe/Stockholm
"Court Central",Europe/Paris
"Court 1",Europe/Paris
"Court 2",Europe/Paris
"Centre Court",Asia/Kolkata
"Court 1",Asia/Kolkata
"Court 2",Asia/Kolkata
"Cancha Central",America/Argentina/Cordoba
"CANCHA 1",America/Argentina/Cordoba
"CANCHA 3",America/Argentina/Cordoba
"Court 3",Asia/Kolkata
"Court 4",Asia/Kolkata
"Centre Court",Asia/Singapore
"Center Court",Asia/Shanghai
"Court 7",Asia/Shanghai
"Court 8",Asia/Shanghai
"Centre Court",Europe/Zurich
"Court 2",Europe/Zurich
"Center Court",Europe/Berlin
"Court 1",Europe/Berlin
"Court 7",America/New_York
"Court 9",America/New_York
"Court Central",Europe/Paris
"Court Annexe",Europe/Paris
"Court 1",Europe/Paris
"Court 1",Asia/Taipei
"Centre Court",Europe/Bratislava
"Court 3",Europe/Bratislava
"Central Court",Europe/Rome
"Court 1",Europe/Rome
Centre,Europe/Paris
"Court 2",America/New_York
"Court 3",America/New_York
"Estadio 1. de Maio",Europe/Lisbon
"Court 3",Europe/Helsinki
"Court 1",Asia/Tokyo
"Cancha Central",America/Guayaquil
"CENTER COURT",Europe/Helsinki
"Court 1",America/Chicago
"Court 2",America/Chicago
"Court 2",America/Guayaquil
"Pat Rafter Arena",Australia/Brisbane
"Court 9",Europe/Helsinki
"Cancha Central",America/Lima
"Cancha  3",America/Lima
"Court 1",Australia/Brisbane
"Cancha Central",America/Montevideo
"Cancha 1",America/Montevideo
"Court 2",Australia/Brisbane
"Via Delle Querce",Europe/Rome
"Cancha 2",America/Montevideo
"Cancha 15",America/Montevideo
"Court 5",Australia/Brisbane
"Stadium Court",Pacific/Auckland
"Court 4",Pacific/Auckland
"Court 6",Pacific/Auckland
"Center Court",Asia/Kolkata
"Center Court",Asia/Dubai
"Court 1",Asia/Kolkata
"Court 2",Asia/Kolkata
"Court 1",Asia/Qatar
"Court 2",Asia/Qatar
"Court 16",Australia/Brisbane
Grandstand,Pacific/Auckland
"Court 3",Asia/Kolkata
"Court 4",Asia/Qatar
"Court 4",Asia/Kolkata
"Court N'godrela",Pacific/Noumea
"Court Morault",Pacific/Noumea
"Court 3",Asia/Qatar
"Court 7",Pacific/Noumea
"Court 8",Pacific/Noumea
"Ken Rosewall Arena",Australia/Sydney
"Court 9",Australia/Sydney
"Court 1",Australia/Sydney
"Court 2",Australia/Sydney
"Court 3",Australia/Sydney
"Court 4",Australia/Sydney
"Court 5",Australia/Sydney
"Court 6",Australia/Sydney
"Court 11",Asia/Hong_Kong
"Court 13",Asia/Hong_Kong
"Centre Court",Australia/Tasmania
"Court 1",Pacific/Auckland
"Court 2",Pacific/Auckland
"Cancha 1",America/Guayaquil
"Cancha 3",America/Guayaquil
"Center Court",Australia/Tasmania
"Court 4",Australia/Tasmania
"Court 3",Pacific/Auckland
"Hamilton Family Stadium",America/Chicago
"Court 1",America/Chicago
"Court 2",Australia/Tasmania
"Court 5",Pacific/Auckland
"Court 6",Australia/Tasmania
"Court 8",Australia/Sydney
"Court 1",Europe/Brussels
"Centre Court",Europe/Brussels
"Court 3",Europe/Brussels
"Center Court",Australia/Tasmania
"Court 8",Australia/Tasmania
"Court 4",Australia/Tasmania
"Court 2",Australia/Tasmania
"Court 5",Australia/Tasmania
"Estadio Central",America/Santo_Domingo
"Cancha 1",America/Santo_Domingo
"Court 7",America/Sao_Paulo
"Pallazzetto Alzano",Europe/Rome
"Cancha 2",America/Santo_Domingo
"Court 3",Australia/Tasmania
"Court 3",Brazil/East
"Court 6",Brazil/East
"Quadra 5",Brazil/East
"Court 3",America/New_York
"ANZ Arena",Australia/Melbourne
"Court 14",America/Argentina/Buenos_Aires
"Court 4",Australia/Melbourne
"Tourlaville 2",Europe/Paris
"Court 5",Australia/Melbourne
"Court 6",Australia/Melbourne
"Court 7",Australia/Melbourne
"Court 8",Australia/Melbourne
"Court 10",Australia/Melbourne
"Court 11",Australia/Melbourne
"Court 9",Australia/Melbourne
"Cancha  3",America/Mexico_City
"Court 12",Australia/Melbourne
"Court Central",Europe/Paris
Annexe,Europe/Paris
"Court 13",Australia/Melbourne
"Court 14",Australia/Melbourne
"Court 15",Australia/Melbourne
"Centre Court",America/Santiago
"Rod Laver Arena",Australia/Melbourne
"Court 16",America/Santiago
"Court 15",America/Santiago
"Court 11",America/Santiago
"John Cain Arena",Australia/Melbourne
"Margaret Court Arena",Australia/Melbourne
"Court Central",America/Toronto
"1573 Arena",Australia/Melbourne
"Court 1",America/Toronto
"Court 18",Australia/Melbourne
"Court 19",Australia/Melbourne
"Court 21",Australia/Melbourne
"Estadio Municipal de Chorrillos",America/Lima
Estadio,America/Mexico_City
"Cancha Central",America/Santiago
"Atg 3",Europe/Paris
"Center Court",America/New_York
"Court 2",America/Santiago
"Cancha 4",America/Santiago
"James T. Driscoll",America/New_York
Pnc,America/New_York
"Court 9",America/New_York
"Cancha 6",America/Santiago
"Cancha 1",America/Mexico_City
"Court 1",Europe/Berlin
"Court 2",Europe/Berlin
"Estadio Millennium",Europe/Lisbon
"Campo Centrale",Europe/Rome
"Show Court 2",Asia/Seoul
"Court 3",Asia/Seoul
"Court 7",Europe/Berlin
"Court Patrice Dominguez",Europe/Paris
"Court 1",Europe/Zurich
"Court 3",Europe/Zurich
"Court 4",Europe/Zurich
"Mercedes Court",Europe/Berlin
"Court 3",Europe/Berlin
"Court 9",Europe/Moscow
"Court 10",Europe/Prague
Grandstand,Europe/Rome
"Court 3",Europe/Rome
"Court 2",Europe/London
"Campo 4",Europe/Rome
"Centre Court",Europe/London
"Court 1",Europe/London
"Court 6",Europe/London
"Court 4",Europe/London
"Court 5",Europe/London
"Court 7",Europe/London
"Indoor 2",Europe/London
"Indoor 4",Europe/London
"Court 3",America/New_York
"Court 1",Europe/Brussels
"Center Court",America/Los_Angeles
"Court 5",Europe/Helsinki
"Courtside Club 16",America/Los_Angeles
"Centre Court",Asia/Dubai
"Court 1",Asia/Dubai
"Court 3",Asia/Dubai
"Court 1",America/Chicago
"Estadio 2",America/Argentina/Buenos_Aires
"Estadio 3",America/Argentina/Buenos_Aires
Central,Europe/Paris
"Court 1",Europe/Paris
"Court 6",Asia/Dubai
"Court 7",Asia/Dubai
"Cancha 4",America/Bogota
"Court 2",Asia/Dubai
Stadium,America/New_York
Stadium,America/New_York
"Court 1",America/New_York
"Court 2",America/New_York
"Court 4",America/New_York
"Court 5",America/New_York
"Court 8",Asia/Shanghai
"Court 6",America/New_York
"Court 7",Asia/Shanghai
"Court 6",Asia/Shanghai
"Court Steigenberger",Europe/Istanbul
"Court 16",America/New_York
"Court 6",Europe/Warsaw
"Indoor 1",Asia/Shanghai
"Indoor 2",Asia/Shanghai
"Indoor 3",Asia/Shanghai
"Quadra 3",Brazil/East
"Court 5",America/New_York
"Court 6",Asia/Shanghai
"Central Court",Europe/Paris
"Center Court",America/Los_Angeles
"Center Court",America/Mexico_City
"Court 1",America/Mexico_City
"Court 2",America/Mexico_City
"Court 5",Europe/Paris
"Stadium Court",America/New_York
"Court 1",America/New_York
"Stadium 2",America/Los_Angeles
"Court 4",Europe/Paris
"Stadium 3",America/Los_Angeles
"Stadium 4",America/Los_Angeles
"Stadium 5",America/Los_Angeles
"Stadium 6",America/Los_Angeles
"Stadium 7",America/Los_Angeles
"Stadium 8",America/Los_Angeles
"Stadium 9",America/Los_Angeles
"Center Court",Asia/Kolkata
"Stadium 1",America/Los_Angeles
"Court 1",Asia/Kolkata
"Arena Center Court",Europe/Paris
"Court 3",Asia/Kolkata
"Court 1",America/Los_Angeles
"Court 2",America/Los_Angeles
"Court 6",Asia/Shanghai
"Arena Annexe",Europe/Paris
"Court 1",America/Santiago
"Court 2",America/Santiago
"Court 3",America/Santiago
"Court 1",America/New_York
"Court 2",America/New_York
"Court 3",America/New_York
"Court 4",America/New_York
"Court 5",America/New_York
"Court 6",America/New_York
"Court 7",America/New_York
"Court 8",America/New_York
"Court 9",America/New_York
"Center Court",Europe/Madrid
"Court 10",America/New_York
Estadio,America/Lima
"Cancha 6",America/Lima
"Cancha 7",America/Lima
Grandstand,America/New_York
Stadium,America/New_York
"Cancha 4",America/Mexico_City
"Center Court",Asia/Bangkok
"Court 2",Asia/Bangkok
"Court 5",Asia/Bangkok
"Court 3",Asia/Bangkok
"Court 1",Europe/Bratislava
"Court 2",Europe/Bratislava
"Centre Court",Europe/Madrid
"Court 2",Europe/Paris
"Center Court",Asia/Tokyo
"Court F",Asia/Tokyo
"Court G",Asia/Tokyo
"Court E",Asia/Tokyo
"Court 1",Europe/Madrid
"Cancha Central",America/Argentina/Buenos_Aires
"Court 4",Asia/Bangkok
"Court 5",America/New_York
"Court 7",Europe/Madrid
"Cancha  4",America/Argentina/Buenos_Aires
"Court Central",Europe/Paris
"Court Des Princes",Europe/Paris
"EA de Massy",Europe/Paris
"Court 9",Europe/Paris
Centre,Europe/Madrid
"Indoor 1",Asia/Shanghai
"Indoor 2",Asia/Shanghai
"Court 3",Asia/Bangkok
"Cancha 5",America/Argentina/Buenos_Aires
"Court 11",Europe/Paris
"Pista 3",Europe/Madrid
"Pista 4",Europe/Madrid
"Pista Rafa Nadal",Europe/Madrid
"Court 3",Europe/Rome
"Court 4",Europe/Rome
"Ed Smith Stadium",America/New_York
"Court 5",Europe/Rome
"Court 6",Europe/Rome
"Campo Centrale",Europe/Rome
"Center Court",Europe/Rome
Pietrangeli,Europe/Rome
"Centre Court",Europe/Berlin
"Court 1",Europe/Berlin
"Court 1",Asia/Manila
"Center Court",Europe/Belgrade
"Center Court",Europe/Berlin
"Court 4",Europe/Berlin
"Court 8",Europe/Berlin
"Court 2",America/Chicago
"Center Court",Europe/Sofia
"Court 1",Europe/Sofia
"Court 10",Europe/Berlin
Estadio,America/Guayaquil
Central,Europe/Lisbon
Centralito,Europe/Lisbon
"Court 1",Europe/Lisbon
"Court 2",Europe/Lisbon
"Court 11",America/Sao_Paulo
"Court 3",Europe/Lisbon
"Court 4",Europe/Lisbon
"Sree Kanteerava Stadium",Asia/Kolkata
"Court 2",Europe/Belgrade
"Court 13",Europe/Berlin
"Manolo Santana Stadium",Europe/Madrid
"Arantxa Sanchez Stadium",Europe/Madrid
"Court 2",Asia/Shanghai
"Court 3",Asia/Shanghai
"Court 4",Asia/Shanghai
"Court 5",Asia/Shanghai
"Stadium 3",Europe/Madrid
Center,Asia/Shanghai
"Court 1",Asia/Shanghai
"Court 5",Europe/Madrid
"Court 6",Europe/Madrid
"Center Court",America/Mexico_City
"Court 1",America/Mexico_City
"Court 5",America/Mexico_City
"Court 2",America/Mexico_City
"Court 7",Europe/Madrid
"Indoor 3",Asia/Shanghai
"Indoor 4",Asia/Shanghai
"Centre Court",Europe/Paris
"Atg 4",Europe/Paris
"Court 2",Europe/Paris
"Credit One Stadium",America/New_York
"Court 3",Europe/Paris
"Center Court",Asia/Seoul
"Show Court",Asia/Seoul
"Campo Estadio",America/Bogota
"Campo 1",America/Bogota
"Center Court",Europe/Warsaw
"Campo 2",America/Bogota
"Cancha 3",America/Bogota
"I Bilanciai (C1)",Europe/Rome
"Altitud (C2)",Europe/Rome
"Court 1",Europe/Warsaw
"Court 2",America/New_York
"Court 3",America/New_York
"Court Rainier III",Europe/Paris
"Campo 5",Europe/Rome
"Court 1",Asia/Seoul
"Court 2",Europe/Warsaw
"Court 3",Asia/Seoul
"Campo 5",America/Bogota
"Court 3",Europe/Warsaw
"Court 6",Europe/Paris
"Court 7",Europe/Paris
"Court 8",Europe/Paris
"Court 9",Europe/Paris
"Court Cascais",Europe/Lisbon
"Court Central",Africa/Casablanca
"Court 10",Europe/Paris
"Court 1",Africa/Casablanca
"Court 2",Africa/Casablanca
"Court 11",Europe/Paris
"Court 6",Europe/Lisbon
"Court 12",Europe/Paris
"Court 13",Europe/Paris
"Court 1",Europe/Paris
"Court 3",Europe/Paris
Stadium,Asia/Seoul
"Campo 3",Europe/Rome
"Court 14",Europe/Paris
"Campo 5",Europe/Rome
"Estadio 3",Europe/Madrid
"Court 5",Europe/Paris
"Court 15",Europe/Paris
"Court Smart Trade",Europe/Paris
"Court Nissan",Europe/Paris
"Court 16",Europe/Paris
"Court Central Cepac",Europe/Paris
"Court Patrice Dominguez",Europe/Paris
"Court 2",Europe/Paris
"Show Court 3",Europe/Berlin
"Court 5",Europe/Berlin
"Cedevita Court",Europe/Zagreb
"Cockta Court",Europe/Zagreb
"Kala Court",Europe/Zagreb
"Court 13",Europe/Paris
"Court Philippe Chatrier",Europe/Paris
"Court Suzanne Lenglen",Europe/Paris
"Court 3",Europe/Paris
"Court 4",Europe/Paris
"Court 5",Europe/Paris
"Court 3",Europe/London
"Center Court",Europe/Madrid
"Court 1",Europe/Madrid
"Court 2",Europe/Madrid
"Court 3",Europe/Madrid
"Indoor 4",Europe/London
"Indoor 6",Europe/London
"Indoor 2",Europe/Paris
"Indoor 3",Europe/Paris
"Court 6",Asia/Tashkent
Grandstand,Europe/Bucharest
"Court 7",Europe/Bucharest
"Court 4",America/Chicago
"Court 6",America/Chicago
"Court 8",America/Chicago
Stadium,America/New_York
"Court 1",Europe/Berlin
"Court 4",Asia/Almaty
"Court 2",Europe/Berlin
"Indoor 1",America/New_York
"Indoor 2",America/New_York
"Indoor 4",America/New_York
"Court 1",Europe/London
"Court 1",Asia/Shanghai
"Court 2",Asia/Shanghai
"Court 17",Asia/Shanghai
"Court 9",Europe/London
"Court 16",Asia/Shanghai
"Court 18",Asia/Shanghai
"Court 10",Europe/London
"Centre Court",Europe/London
"Court 7",Brazil/East
"Court 8",Brazil/East
"Quadra 4",Brazil/East
"Court 1",Europe/London
"Court 2",Europe/London
Grandstand,America/Mexico_City
"Court 3",Europe/London
"Court 1",America/Mexico_City
"P 1",America/Mexico_City
"Court 4",Europe/London
Stadium,America/Mexico_City
"Court 3",Europe/London
"Court 12",Europe/London
"Tony Trabert Stadium 3",America/New_York
"Court G",America/New_York
"Court I",America/New_York
"Court P6",America/New_York
"Quadra Pedro Amadeu",Brazil/East
"Court 1",Asia/Shanghai
"Court 2",Asia/Shanghai
"Court 3",Asia/Shanghai
"Court 12",Asia/Shanghai
"Court 11",Asia/Shanghai
"Indoor 3",Asia/Shanghai
"Court 7",Europe/Bucharest
"Court Patrice Dominguez",Europe/Paris
"Centre Court",Europe/Brussels
"Stadium Court",Asia/Shanghai
"Court 5",America/Los_Angeles
"Court 1",Europe/Brussels
"Court 2",Europe/Brussels
"Centre Court",Europe/London
"Court 1",Europe/London
"Court 2",Europe/London
"Court 3",Europe/London
"Court 4",Europe/London
"Court 3",Europe/Brussels
"Court 5",Europe/Brussels
"Quadra 4",Brazil/East
"Court 1",America/Los_Angeles
"Court 2",America/Los_Angeles
"Court 6",Europe/Brussels
"Court 5",America/Los_Angeles
"Court 6",America/Los_Angeles
Stadium,America/Los_Angeles
"Court 3",America/Los_Angeles
"Court 4",America/Los_Angeles
"Court 4",Europe/London
"Court 6",Europe/London
"Eve Zimmerman Court",America/New_York
"Court 7",Europe/London
"Court 6",America/New_York
"Court 7",America/New_York
"Show Court 1",Asia/Hong_Kong
"Show Court 2",Asia/Hong_Kong
"Court 8",Europe/London
"Court 11",Europe/London
"Court 13",Europe/London
"Court 14",Europe/London
"Court 15",Europe/London
"Court 16",Europe/London
"Indoor 2",Asia/Shanghai
"Indoor 3",Asia/Shanghai
"Court 18",Europe/London
"Indoor 1",Asia/Shanghai
"Indoor 4",Asia/Shanghai
"Centre Court",Europe/Budapest
"Court 1",Europe/Budapest
"Court 4",Europe/Brussels
"Court 10",America/New_York
Estadio,America/Guayaquil
"Cancha Raul Viver",America/Guayaquil
"Cancha 1",America/Guayaquil
"Cancha 2",America/Guayaquil
"Court 17",Europe/London
Stadium,Asia/Shanghai
"Cancha Central",America/Bogota
"Cancha 1",America/Bogota
"Cancha 2",America/Bogota
"Asboth Jozsef",Europe/Budapest
"Court 4",Europe/Budapest
"Court 5",Europe/Budapest
"Court 6",Europe/Budapest
"Court 1",Europe/Stockholm
"Centre Court",Europe/London
"Court 2",Europe/Stockholm
"Court 3",Europe/Stockholm
"Court 5",America/Chicago
"Center Court",America/New_York
"Court 1",America/New_York
"Court 2",America/New_York
"Enbw Court",Europe/Berlin
Grandstand,Europe/Berlin
"Center Court",Pacific/Honolulu
"Court 1",Pacific/Honolulu
"Center Court",Europe/Rome
"Court 6",Pacific/Honolulu
"Court 2",Europe/Rome
"Court 6",Europe/Rome
"Court 7",Europe/Rome
"ECM Court",Europe/Prague
"Court 2",Europe/Prague
"Court 4",Europe/Prague
"Stadium Court",America/New_York
"Court 1",America/New_York
"Court 2",America/New_York
Centre,Europe/Ljubljana
"Court 1",Europe/Ljubljana
"Court 2",Europe/Ljubljana
M3,Europe/Berlin
"Lotto RLP Court",Europe/Berlin
"Court 1",Europe/Berlin
"Roy Emerson Arena",Europe/Zurich
"Court 1",Europe/Zurich
"Center Court",Europe/Istanbul
"Court A",Europe/Istanbul
"Court 1",Australia/Tasmania
"Court 3",Australia/Tasmania
"Court 5",Australia/Tasmania
"Court 1",Europe/Paris
"Court B",Europe/Istanbul
"Court 2",Europe/Paris
"Cat Court",Australia/Tasmania
"Goran Ivanisevic Stadium",Europe/Zagreb
Grandstand,Europe/Zagreb
"Court 1",Europe/Zagreb
"Court 2",Europe/Zagreb
"Court Guillermo Vilas",America/Argentina/Buenos_Aires
"Court Patrice Dominguez",Europe/Paris
"Court 6",America/Los_Angeles
"Court C",Europe/Istanbul
"Kormoczy Court",Europe/Budapest
"Temesvari Court",Europe/Budapest
"Sportzentrum 1",Europe/Zurich
"Court 4",Europe/Zagreb
Stadium,America/New_York
"John Harris Court",America/New_York
"Match Court 1",America/New_York
"Court 7",Asia/Tokyo
"Court 6",Asia/Shanghai
"Court 8",Asia/Shanghai
"Cancha 1",America/Argentina/Buenos_Aires
"Match Court 2",America/New_York
"Cancha 2",America/Mexico_City
Stadium,Canada/Eastern
"M.Chinnaswamy Stadium",Asia/Kolkata
"Rogers 5G Grandstand",Canada/Eastern
Central,Europe/Paris
"Court 1",Canada/Eastern
"Court 3",Canada/Eastern
"Court 3",America/New_York
"Court 4",America/New_York
"Court 5",America/New_York
"Center Court",Canada/Eastern
"Court 1",America/New_York
"Center Court",Europe/Zurich
"Court 4",Canada/Eastern
"Centre Court",Asia/Shanghai
"Court 1",Asia/Shanghai
"Court 2",Asia/Shanghai
"Court 3",Asia/Shanghai
"Court 8",America/New_York
"Indoor 2",Asia/Shanghai
"Indoor 3",Asia/Shanghai
"Indoor 4",Asia/Shanghai
"Court 1",Europe/Rome
"Court 2",Europe/Rome
"Court 3",Europe/Rome
"Stadium Court",America/New_York
Grandstand,Europe/Rome
"Campo Centrale",Europe/Rome
"Court 2",Europe/Budapest
"Rogers Court",America/Toronto
"Court 9",America/Toronto
"Court 5",America/Toronto
"Court 4",Asia/Seoul
"Court 2",America/Toronto
"Court 15",America/New_York
"Court A",Europe/Paris
"Court B",Europe/Paris
"Court 10",America/Toronto
"Court D",Europe/Paris
"Court 11",Asia/Almaty
"Court 8",Asia/Almaty
"Court 6",America/Toronto
"Court 7",Asia/Almaty
"Court 7",America/Toronto
"Alumni Hall",America/New_York
"Center Court",America/Toronto
Stadium,America/New_York
Stadium,America/New_York
"SportMaster Grandstand",America/New_York
"Court 1",America/New_York
"Court 2",America/New_York
"Court 3",America/New_York
"Court C",America/New_York
"Court 18",America/New_York
"Campus Field",America/New_York
"Court 1",Asia/Tashkent
"Court 2",Asia/Tashkent
"Center Court",Europe/Bucharest
"Court 1",Europe/Bucharest
"Court 3",Europe/Paris
Lotus,Asia/Shanghai
Moon,Asia/Shanghai
"Court 3",Asia/Shanghai
"Centre Court",Asia/Shanghai
"Court 3",Asia/Tokyo
"Court 6",Asia/Shanghai
"INA Court",Europe/Zagreb
"Raiffeisen Court",Europe/Zagreb
"Court 1",Europe/Paris
"Estadio CIF",Europe/Lisbon
"Court Lisboa",Europe/Lisbon
"Court Belem",Europe/Lisbon
"Court 5",Europe/Lisbon
"Court Sopra Steria",Europe/Paris
"Court 3",Europe/Paris
"Court 5",Europe/London
"Centre Court",Europe/Rome
"Court Central",Europe/Madrid
"Pista 3",Europe/Madrid
"Pista 2",Europe/Madrid
"Pista 1",Europe/Madrid
"Court 2",Europe/London
"Court 5",Europe/London
"Alaaddin Karagoz",Europe/Istanbul
"Duygu Aksit Oal",Europe/Istanbul
"Center Court",Europe/Istanbul
"Court 14",Europe/Rome
"Court 12",Europe/Berlin
"Court 6",Europe/Bucharest
"Center Court 1",America/New_York
"Center Court 2",America/New_York
"Next Gen Arena",Europe/Zagreb
"Centre Court",Europe/Stockholm
"Center Court",America/Mexico_City
Kaps,Europe/Vienna
"Court 1",Europe/Lisbon
"Court 10",Australia/Brisbane
"Court 1",Asia/Bangkok
"Court 14",Australia/Brisbane
"Court A",Asia/Bangkok
"Court 8",Asia/Bangkok
"Court 2",Europe/Lisbon
"Court 8",Pacific/Auckland
"Center Court",Australia/Sydney
"Court 3",Europe/Madrid
"Court 2",America/New_York
"Court 3",Europe/Lisbon
P2,America/Mexico_City
"Court 3",Asia/Bangkok
"Court 4",Europe/Madrid
"Court 5",Europe/Madrid
"Cancha 14",America/Santiago
"Cancha 16",America/Santiago
"Cancha 17",America/Santiago
"Court A",Europe/Ljubljana
"Court 8",Europe/Bratislava
"Court 5",Europe/Moscow
"Court 8",Europe/Moscow
"Court 11",Europe/Moscow
"Court 4",Europe/Bratislava
"Court 4",Europe/Moscow
"Court 10",Europe/Moscow
"Court 7",Europe/Bratislava
"Court 6",Europe/Bratislava
"Court 12",Europe/Moscow
"Court 5",Europe/Bratislava
"Court 7",Europe/Moscow
"Court 6",Europe/Moscow
"Court 9",Europe/Bratislava
"Court Center",Europe/Madrid
"Cancha Central",America/Mexico_City
"Court 8",Europe/Helsinki
"Cancha 2",America/Mexico_City
"Court 7",Europe/Istanbul
"Cancha 3",America/Mexico_City
"Cancha 4",America/Mexico_City
"Cancha 1",America/Mexico_City
"Court 8",America/New_York
"Court 11",America/New_York
"Court 10",Europe/Moscow
"Klenert Court",Europe/Berlin
"Court 2",Europe/Berlin
"Court 5",Europe/Berlin
"Court 8",Europe/Berlin
"Court 9",Europe/Berlin
"Court 4",Europe/Zurich
"Court 6",Europe/Berlin
"Court 2",America/Vancouver
"Court 1",America/Vancouver
"Centre Court",America/Vancouver
Stauwehrhalle,Europe/Berlin
"Court 8",Europe/Bucharest
"Court 9",Europe/Budapest
"Court 7",Europe/Budapest
"Centre Court",Europe/Brussels
"Court 9",Europe/Bucharest
"Court 6",Asia/Almaty
"Court 3",Asia/Almaty
"Court 5",Asia/Almaty
"Court 4",Asia/Almaty
"Court 1",Europe/Kyiv
"Court 5",Europe/Kyiv
"Court 2",Europe/Kyiv
"Court 5",Europe/Istanbul
"Court 6",Europe/Istanbul
"Court 4",Europe/Istanbul
"Court 7",America/Edmonton
"Court 6",America/Edmonton
"Court 9",America/Edmonton
"Court 8",America/Edmonton
"Court 9",Europe/Istanbul
"Court 2",Europe/Istanbul
"Court 8",Europe/Istanbul
"Court 11",Europe/Istanbul
"Court 10",Europe/Istanbul
"Court 2",Europe/Rome
"Court 4",Europe/Rome
"Center court",Europe/Rome
"Court 1",Europe/Rome
"Court 3",Europe/Rome
"Court 2",America/Argentina/Buenos_Aires
"Court 1",America/Argentina/Buenos_Aires
"Court 3",America/Argentina/Buenos_Aires
"Court 10",Canada/Eastern
"Court 12",Canada/Eastern
"Court 9",Canada/Eastern
"Pista 4",Europe/Madrid
"Court 3",Europe/Sofia
"Court 4",Europe/Sofia
"Court 2",Europe/Sofia
"Plaine de Jeux de Gerland",Europe/Paris
"Court 7",Europe/Prague
"Central Court",Asia/Shanghai
"Court 5",Asia/Shanghai
"Court 6",Asia/Shanghai
"Court 7",Asia/Shanghai
"Court Indoor 11",Asia/Shanghai
"Indoor 10",Asia/Shanghai
"Indoor 12",Asia/Shanghai
"Pista 2",Europe/Madrid
"Court 2",Europe/Berlin
"Court 8",Europe/Warsaw
"Court 15",America/New_York
"Court 13",America/New_York
"Indoor East",Asia/Shanghai
"Indoor West",Asia/Shanghai
"Court 1",Europe/Rome
"Court 14",America/New_York
"Court 2",Europe/Rome
"Center Court",America/New_York
"Court 10",Europe/Rome
"Court 1",America/New_York
"Court 2",America/New_York
"Court 3",America/New_York
"Court 4",America/New_York
"Court 1",Europe/Paris
"La Foret 2",Europe/Paris
"Court 2",America/Los_Angeles
"Court 3",America/Los_Angeles
"Indoor 2",Asia/Shanghai
"Indoor 4",Asia/Shanghai
"Center Court",Asia/Almaty
"Court 3",America/Mexico_City
"Center Court",America/Los_Angeles
"Court 1",Asia/Almaty
"Court 2",Asia/Almaty
"Court 6",Asia/Almaty
"Court 5",Asia/Almaty
"Ct 6",Australia/Brisbane
"Ct 4",Australia/Brisbane
"Court 3",Europe/Berlin
"Court 7",Europe/Lisbon
"Court Central",Europe/Lisbon
"Court 9",Europe/Lisbon
"Court 8",Europe/Lisbon
"Cancha 1",America/La_Paz
"Cancha 2",America/La_Paz
"Court 5",America/La_Paz
"Court 7",America/La_Paz
"Court 5",Europe/London
"Quadra Joao Lima",Brazil/East
"Court 8",Brazil/East
"Court 16",Europe/Istanbul
"Court 13",Europe/Istanbul
"Estadio Hernan Ramirez Villegas",America/Bogota
"Court 4",Asia/Shanghai
"Court 5",Asia/Shanghai
"Show Court 3",Asia/Hong_Kong
"Court 3",Asia/Hong_Kong
"Court 12",Asia/Hong_Kong
"Court 2",Europe/Vienna
"Court 3",Europe/Vienna
"Center Court",Europe/Rome
"Court 2",Europe/Rome
"Court 3",Europe/Rome
"Cancha 8",America/Argentina/Buenos_Aires
"Court 2",America/New_York
"Court 4",America/New_York
"Court 5",America/New_York
"Indoor 1",Asia/Almaty
"Indoor 2",Asia/Almaty
"Center Court",Europe/Paris
"Pista 1",Europe/Madrid
"Court 1",Europe/Paris
"Court 9",America/Argentina/Buenos_Aires
"Court 10",America/Argentina/Buenos_Aires
"Court 7",America/Argentina/Buenos_Aires
"Court 8",America/Argentina/Buenos_Aires
"Court 11",America/Argentina/Buenos_Aires
"Court 3",America/Chicago
"Court 1",America/Chicago
"Court 2",America/Chicago
"Court 5",America/Chicago
"Court 18",Europe/Berlin
"Court 4",America/Chicago
"Court 6",America/Chicago
"Court 8",America/Chicago
"Court 10",America/Chicago
"Court 9",America/Chicago
"Court 4",Europe/Rome
"Court 7",America/Chicago
"Cancha 9",America/Argentina/Buenos_Aires
"Cancha 12",America/Argentina/Buenos_Aires
"Indoor Court 2",Asia/Shanghai
"Indoor 3",Asia/Shanghai
"Indoor 4",Asia/Shanghai
"Indoor 1",Asia/Shanghai
"Court 2",Europe/Brussels
"Court 3",Europe/Brussels
"Court 3",Europe/Stockholm
"Court 2",Europe/Paris
"Court 3",Europe/Paris
"Court 1",Asia/Shanghai
"Court 2",Asia/Shanghai
"Court 3",Asia/Shanghai
"Center Court",Europe/Berlin
"Court 1",Europe/Berlin
"Court 2",Europe/Berlin
"Court 3",Europe/Berlin
"Court 4",Europe/Berlin
"Court 2",Europe/Paris
"Court 12",America/Chicago
"Indoor 1",Asia/Shanghai
"Indoor 3",Asia/Shanghai
Stadium,Europe/Paris
"Court 3",Europe/Zagreb
"Center Court",America/New_York
"Sportzentrum 3",Europe/Zurich
"Court 3",America/New_York
"IWB Court 1",Europe/Zurich
"Cancha 1",America/Lima
"Cancha 2",America/Lima
"Centre Court",Europe/Vienna
"Next Gen Court",Europe/Vienna
Grandstand,Europe/Vienna
"Cancha 8",America/Lima
"Court Kuchenmeister",Europe/Vienna
"Court 6",Asia/Shanghai
"Court 3",Asia/Shanghai
"Court 4",Asia/Shanghai
Center,Asia/Shanghai
"Court 3",Europe/Vienna
"Court 5",Europe/Berlin
"Court 4",Europe/Berlin
"Court 2",Europe/Berlin
"Center Court",America/New_York
"Court 4",Australia/ACT
"Centre Court",Australia/ACT
"Court 7",Australia/ACT
"Court 5",Australia/ACT
"Court 2",Canada/Eastern
"Court 3",Australia/ACT
"Court 1",Australia/ACT
"Court 5",Canada/Eastern
"Court 1",Europe/Rome
"Court 2",Europe/Rome
"Court 1",Asia/Bangkok
"Court 1",America/New_York
"Center Court",America/New_York
"Court 7",Europe/Istanbul
"Court 5",America/Argentina/Cordoba
"Court 2",America/Argentina/Cordoba
"Court 6",America/Argentina/Cordoba
"Court 1",America/Argentina/Cordoba
"Court 3",America/Argentina/Cordoba
"Court 1",America/Chicago
"Court 3",America/Chicago
"Court 4",America/Chicago
"Court 6",America/Chicago
"Court 5",America/Chicago
"Court 9",America/New_York
"Center Court",Europe/Rome
"Court 6",America/New_York
"Court 7",America/New_York
"Porsche Court",America/New_York
"Court 4",Europe/Helsinki
"Court 1",Europe/Helsinki
"Court 4",America/Santiago
"Center Court",America/New_York
"Court 2",America/New_York
"Court 3",America/New_York
"Court 2",Pacific/Honolulu
"Court 3",Pacific/Honolulu
"Court 2",Asia/Kolkata
"Center Court",Asia/Kolkata
"Court 4",America/New_York
"Court 1",Asia/Kolkata
"Court 2",Asia/Kolkata
"Court 3",Asia/Kolkata
"Court 5",America/New_York
"Pista 3",Europe/Madrid
"Pista 2",Europe/Madrid
"Pista 4",Europe/Madrid
"Grandstand 1",America/Chicago
"Court 4",America/Sao_Paulo
"Quadra 3",Brazil/East
"Quadra 1",Brazil/East
"Grandstand 2",America/Chicago
"Court Torner",America/Mexico_City
"Court 5",America/Mexico_City
"Court 8",America/Mexico_City
"Court 7",America/Mexico_City
Astana,Asia/Almaty
"Court 4",Pacific/Honolulu
"Cancha Central",America/Santiago
"Court 8",America/Santo_Domingo
"Cancha 7",America/Santo_Domingo
"Court 9",America/Santo_Domingo
"Court 10",America/Santo_Domingo
"Court 2",America/Chicago
"Court 11",America/Santo_Domingo
"Court M3",Asia/Shanghai
"Court M5",Asia/Shanghai
"Court M2",Asia/Shanghai
Central,America/Santiago
"Cancha 7",America/Santiago
"Cancha 8",America/Santiago
"Court 12",America/Santo_Domingo
"Court 5",America/New_York
"Court 3",America/Guayaquil
"Court 4",America/Guayaquil
"Court 6",Europe/Rome
"Court 7 (Center)",Europe/Rome
"Court 8",Europe/Rome
"Court 4",America/Lima
"Cancha 6",America/Lima
"Court 7",America/Lima
"Cancha 5",America/Lima
"Court 5",America/Santo_Domingo
"Court 8",America/Lima
"Court 10",Asia/Hong_Kong
"Court 9",America/Lima
"Court 13",America/Lima
"Court 11",America/Lima
"Court 10",America/Lima
"Court 14",America/Lima
"Centre Court",Australia/Adelaide
"Court 1",Australia/Adelaide
"Court 2",Australia/Adelaide
"Court 3",Australia/Adelaide
"Court 4",Australia/Adelaide
"Court 5",Australia/Adelaide
"Pune Club Ground",Asia/Kolkata
"Court 6",Asia/Hong_Kong
"Court 5",Asia/Hong_Kong
"Court 4",Asia/Hong_Kong
"Stadium Court",Australia/Brisbane
"Show Court 1",Australia/Sydney
"West Court",Australia/Tasmania
"Center Court",Asia/Shanghai
"Court 3",Asia/Shanghai
"Court 2",Asia/Shanghai
"Court 1",Asia/Shanghai
"Court 5",Asia/Shanghai
Stadium,America/New_York
"Court 5",America/New_York
"Court 3",America/New_York
"Tennis Club De Bruz 4",Europe/Paris
"Tennis Club De Bruz 5",Europe/Paris
"Centre Court",Asia/Shanghai
"Court 1",Asia/Shanghai
Center,America/Los_Angeles
Stadium,America/Los_Angeles
"Court 3",Asia/Shanghai
"Court 4",Asia/Shanghai
"Court 2",Asia/Shanghai
"Indoor 5",Asia/Seoul
"Indoor 7",Asia/Seoul
Stadium,Asia/Taipei
"Indoor 8",Asia/Seoul
"Court 8",Australia/Tasmania
"Cancha 4",America/Guayaquil
"Show Court",Asia/Shanghai
"Court 4",Asia/Tokyo
"Court 1",Europe/Rome
"Court 4",Europe/Rome
"Court 2",Europe/Rome
"Court 4",Asia/Almaty
"Court 3",Asia/Almaty
"Court 2",Asia/Almaty
PalaAgnelli,Europe/Rome
"Indoor 2",Brazil/East
"Indoor 1",Brazil/East
"Court 12",America/Sao_Paulo
"Court 9",America/Sao_Paulo
"Court 10",America/Sao_Paulo
"Court 8",America/Sao_Paulo
"Court 13",America/Sao_Paulo
"Cancha Central",America/Montevideo
"Cancha 1",America/Montevideo
"Cancha 4",America/Montevideo
"Court 15",America/Los_Angeles
"Court 17",America/Los_Angeles
"Court 18",America/Los_Angeles
"Court 16",America/Los_Angeles
"Cancha 2",America/Montevideo
"Court 19",America/Los_Angeles
"Centre Court",America/Sao_Paulo
"Court 7",Brazil/East
"Quadra 6",Brazil/East
"Quadra 5",Brazil/East
"Court 8",Asia/Tokyo
"Court 9",Asia/Tokyo
"Court 1",America/New_York
"Indoor 6",Asia/Tokyo
"Indoor 5",Asia/Tokyo
"Court 5",Asia/Shanghai
"Court 7",Asia/Shanghai
"Court 9",Asia/Shanghai
"Court 11",Asia/Shanghai
"Court 13",Australia/ACT
"Court 11",Australia/ACT
"Court 10",Australia/ACT
"Court 3",Asia/Bahrain
"Court 4",Asia/Bahrain
"Court 5",Asia/Bahrain
"Center Court",Asia/Bahrain
"Court 1",Asia/Bahrain
"Center Court",Europe/Paris
"Court 3",Europe/Paris
"Court 5",Europe/Paris
"Court 1",Asia/Jerusalem
"Court 6",Europe/Lisbon
"Court 2",Europe/Madrid
"Tcsb 4",Europe/Paris
"Tcsb 3",Europe/Paris
"Pista 2",Europe/Madrid
"Pista 1",Europe/Madrid
"Pista 6",Europe/Madrid
"Pista 7",Europe/Madrid
"Court 2",America/Chicago
"Court 16",Asia/Tokyo
"Court 8",Asia/Tokyo
"Court 6",Asia/Tokyo
"Court 4",Asia/Tokyo
"Court 7",Africa/Tunis
"Court 9",Africa/Tunis
"Campo 3",America/Bogota
"Court 10",Asia/Almaty
"Estadio Rafael Osuna",America/Mexico_City
Grandstand,America/Mexico_City
Centrale,Europe/Zurich
"Campo 1",Europe/Zurich
"Court 2",Europe/Zurich
"Court 5",Africa/Casablanca
"Court 12",Asia/Almaty
"Stadium Court",America/Chicago
"Court 3",Europe/Zurich
"Court 4",Europe/Zurich
"Court 5",Europe/Zurich
"TC Cureglia Court 1",Europe/Zurich
"TC Cureglia Court 2",Europe/Zurich
"Court 16",Europe/Madrid
"Court 14",Europe/Madrid
"Court 4",Europe/Madrid
"Court 15",Europe/Madrid
"Court 10",Asia/Shanghai
"Court 9",Asia/Shanghai
"Court 11",Asia/Shanghai
"Court 12",Asia/Shanghai
"Court 7",America/New_York
"Court 1",America/New_York
"Court 9",Africa/Casablanca
"Court 3",Europe/Paris
"Court Central",Europe/Paris
"Court 7",Europe/Paris
"Court 2",America/New_York
"Court 1",America/New_York
"Court 3 Stadium",America/New_York
"Court 10",Asia/Shanghai
"Court 9",Asia/Shanghai
"Court 8",Asia/Shanghai
"Court 7",Asia/Shanghai
"Court 3",Asia/Tbilisi
"Court 2",Asia/Tbilisi
"Court 1",Asia/Tbilisi
"Savannah Toyota Court",America/New_York
"Estadio Puerto Vallarta",America/Mexico_City
"Cancha La Aficion",America/Mexico_City
"Court 4",Asia/Tbilisi
"Indoor C8",Asia/Shanghai
"Indoor C9",Asia/Shanghai
"Court 4",Europe/Rome
"Center Court",Europe/Lisbon
"Court 1",Europe/Lisbon
"Court 2",Europe/Lisbon
"Court 1",Brazil/East
"Quadra 2",Brazil/East
"Court 3",Brazil/East
Central,Brazil/East
"Cancha 2",America/Santiago
"Campo Centrale",Europe/Rome
"Court 2",Europe/Madrid
"Court 1",Europe/Madrid
"Court 4",Europe/Madrid
"Court 3",Europe/Madrid
"Cancha 1",America/Santiago
Estadio,America/Mexico_City
"Indoor C1",Asia/Seoul
"Indoor C4",Asia/Seoul
"Indoor C6",Asia/Seoul
"Indoors 16",Europe/Paris
"Indoors 17",Europe/Paris
"Indoors 18",Europe/Paris
"Court 3 Banco del Fucino",Europe/Rome
"Court 4",Europe/Berlin
"Court 9",Europe/Prague
"Court 5",Europe/Lisbon
"Campo 4",Europe/Lisbon
"Pista 1",Europe/Madrid
"Court 6",Europe/Madrid
"Court 2",Europe/Madrid
"Campo Central",Europe/Lisbon
"Court 8",Europe/Madrid
"Court 7",Europe/Madrid
"Campo 3",Europe/Lisbon
"Court 4",America/Argentina/Cordoba
"Court 2",America/Argentina/Cordoba
"Cancha 9",America/Argentina/Cordoba
"Court 3",America/Argentina/Cordoba
"Cancha 8",America/Argentina/Cordoba
"Cancha 10",America/Argentina/Cordoba
"Court 1",America/Argentina/Cordoba
"Cancha 11",America/Argentina/Cordoba
"Cancha 7",America/Argentina/Cordoba
"Cancha Central",America/Argentina/Cordoba
"Cancha 5",America/Argentina/Cordoba
"Court 2",Europe/Rome
"Court 5",Europe/Madrid
"Cancha 2",America/Argentina/Cordoba
"Cancha 4",America/Argentina/Cordoba
"Cancha 1",America/Argentina/Cordoba
"Cancha 6",America/Argentina/Cordoba
"Cancha 3",America/Argentina/Cordoba
"Court 1",Europe/Sarajevo
"Lukas Court",Europe/Zagreb
"Indoor 12",Europe/Madrid
"Indoor 10",Europe/Madrid
"Indoor 11",Europe/Madrid
"Indoor 1",Europe/Paris
"Indoor 2",Europe/Paris
"Indoor 3",Europe/Paris
"Court 8",Europe/Budapest
"Court Central",Europe/Paris
"Court 2",Europe/Paris
"Court 8",Europe/Madrid
"Court 11",Europe/Madrid
"Court 10",Europe/Madrid
"Court 9",Europe/Madrid
"Court 3",Europe/Madrid
"Center Court",Europe/Paris
"Court 5",America/Edmonton
"Court 7",Asia/Tashkent
Stadion,Europe/Berlin
"Court 17",Europe/Paris
"Court 16",Europe/Paris
"Court Central",Europe/Paris
"Court 15",Europe/Rome
"Center Court",Europe/Berlin
"Match Court 2",Europe/Berlin
"Court 4",Europe/Berlin
"Stade de la Source",Europe/Paris
"Court 2",Asia/Bangkok
"Court 9",America/Chicago
Stadium,America/Chicago
"Court 1",Europe/Paris
"Court Central",Europe/Paris
"Court 2",Europe/Paris
"Center Court",Europe/Rome
"Court 10",America/Chicago
"Court 11",America/Chicago
"Court 5",Pacific/Honolulu
Stadium,Pacific/Honolulu
"Court 10",Pacific/Honolulu
"Indoor C1",Asia/Hong_Kong
"Indoor C2",Asia/Hong_Kong
"Court 9",Asia/Almaty
"Court 3",Asia/Taipei
"Show court",Asia/Taipei
"Court 4",Asia/Taipei
"COURT 3",Europe/Prague
"Court 9",Europe/Vilnius
"Court 6",Europe/Vilnius
"Court 2",Europe/Vilnius
"Court 1",Europe/Vilnius
"Court 2",US/Pacific
"Court 1",US/Pacific
"Court 3",US/Pacific
"Court 8",Canada/Eastern
"Court N2",America/Chicago
"Court S2",America/Chicago
"Court N5",America/Chicago
"Court N6",America/Chicago
"Court 6",Asia/Taipei
"Court 7",Asia/Taipei
"Court 5",Asia/Taipei
"Court 8",Asia/Taipei
"Court 4",Europe/Helsinki
"Court 7",Europe/Helsinki
"Court 3",Europe/Helsinki
"Indoor Center Court",Asia/Almaty
"Indoor Court 1",Canada/Eastern
"Indoor Court 3",Canada/Eastern
"Court 4",Europe/Madrid
"Court 11",Asia/Shanghai
"Court 12",Asia/Shanghai
"Court Riedel",Europe/Vienna
Stadium,America/Los_Angeles
"Court 1",America/Los_Angeles
"Estadio Pegaso",America/Mexico_City
"Grandstand Caliente",America/Mexico_City
"The Landings Club",America/New_York
"Court 3",Europe/Madrid
"Court 4",Europe/Madrid
"Court 2",Europe/Madrid
"Court 1",Europe/Madrid
"Court 2",Europe/Madrid
"National Bank Grandstand",Canada/Eastern
"Court 10",Europe/Bratislava
"Pista Fabian Dorado",Europe/Madrid
"Court 7",Europe/Helsinki
"Court 6",Europe/Helsinki
"Court 9 (indoor)",Asia/Shanghai
"Court 7 (indoor)",Asia/Shanghai
"Court 8 (indoor)",Asia/Shanghai
"Court 10 (indoor)",Asia/Shanghai
"Court 3",Europe/Berlin
"Westside Tennis Club",America/Chicago
"Court G",America/New_York
"Capital Group Diamond",Asia/Shanghai
"Court 4",Europe/Madrid
"Court 5",Europe/Madrid
"Indoor Court 10",Asia/Shanghai
"Indoor Court 7",Asia/Shanghai
"Indoor Court 9",Asia/Shanghai
"Indoor Court 8",Asia/Shanghai
"Court 6",Europe/Prague
"Court 5",Europe/Prague
"Court 3",Europe/Prague
"Court 8",Europe/Prague
"Court 3",Europe/Madrid
"Court 4",Europe/Madrid
"Court Central",Africa/Tunis
"Indoor 8",Europe/Rome
"Indoor 7",Europe/Rome
"Court 5",Europe/Rome
"Indoor 1",Europe/Rome
"Indoor 2",Europe/Rome
"Center Court",Europe/Zurich
"Court 15",Europe/Zagreb
"Court 1",Europe/Zurich
"Court 2",Europe/Zurich
"Central Cabesto",Europe/Paris
"Court Club House",Europe/Paris
"Court 8",Europe/Paris
"Court 1",America/Chicago
"Court 2",America/Chicago
"Court 3",America/Chicago
"Court 4",America/Chicago
"Court 5",America/Chicago
"Court 14",Europe/Zagreb
"Court 9",Europe/Paris
"Center Court",Europe/Madrid
"Indoor 10",America/Chicago
"Court 9",Europe/Rome
"Indoor 8",America/Chicago
"Court 1",Europe/Bucharest
"Court 3",Europe/Bucharest
"Court 4",Europe/Bucharest
"Court 2",Europe/Bucharest
Central,Europe/Madrid
"Court 6",Europe/Madrid
"Court 5",Europe/Madrid
"Court 7",Africa/Tunis
"Court 6",Africa/Tunis
"Centre Court",Asia/Tokyo
"Court 2",Asia/Tokyo
"Court 3",Asia/Tokyo
"Court 9",Asia/Tokyo
"Court 9",America/La_Paz
"Court 4",America/La_Paz
"Court 4",Asia/Tokyo
"Youme Town",Asia/Tokyo
"Court 9",Europe/Madrid
"Court 6",Europe/London
"Indoor Court 17",Asia/Tokyo
"Indoor Court 20",Asia/Tokyo
"Indoor Court 18",Asia/Tokyo
"Indoor Court 19",Asia/Tokyo
"Court 9",Europe/London
"Indoor 12",America/New_York
"Indoor 5",America/New_York
"Indoor 3",America/New_York
"Indoor 5",Europe/London
"Indoor 6",Europe/London
"Indoor 3",Europe/Istanbul
"Indoor 2",Europe/Istanbul
"Court 6",America/Argentina/Buenos_Aires
"Court 4",America/Argentina/Buenos_Aires
"Cancha 3",America/La_Paz
"Cancha 6",America/La_Paz
"Cancha 7",America/La_Paz
"Cancha 5",America/La_Paz
"Court 1",Europe/Sofia
"Center Court",Europe/Sofia
"Court 2",Europe/Sofia
"Center Court",Africa/Tunis
"Court 6",Europe/Paris
"Court 5",America/Argentina/Buenos_Aires
"Court 3",Europe/Sofia
"Court 7",Asia/Shanghai
"Indoor C5",Asia/Seoul
"Indoor 6",Asia/Seoul
"Center Court",Asia/Shanghai
"Court 2",Europe/Madrid
"Court 4",Europe/Madrid
Grandstand,Europe/Rome
"Court 3",Africa/Tunis
"Ct 10",Australia/Brisbane
"Ct 8",Australia/Brisbane
"Ct 14",Australia/Brisbane
"Court 4",Africa/Tunis
"Court 5",Africa/Tunis
"Court 2",Africa/Tunis
"Court 1",Africa/Tunis
"Court 5",Europe/Paris
"Show Court 3",Asia/Shanghai
"Court 16",America/Lima
"Court 15",America/Lima
"Court 12",America/Lima
"Court 17",America/Lima
"Show Court",Europe/Vienna
"Indoor 1",Asia/Tashkent
"Indoor 2",Asia/Tashkent
"Court 1",Europe/Madrid
"National Bank Court",America/Edmonton
"Court 4",America/Edmonton
"Court 9",America/Chicago
"Court 7",America/Chicago
"Court 8",America/Chicago
"Indoor Court 1",Asia/Shanghai
"Indoor Court 2",Asia/Shanghai
Center,America/Chicago
"Court 4",America/Argentina/Cordoba
"Brenda Meyers Court",America/New_York
"Court 8",Africa/Tunis
"Centre Court",Europe/Rome
"Stadium Court",America/Los_Angeles
"Pista 12",Europe/Madrid
"Pista 13",Europe/Madrid
"Pista 11",Europe/Madrid
"Pista 14",Europe/Madrid
"Cancha Central",America/Santiago
"Court 5",America/Santiago
"Cancha 7",America/Argentina/Buenos_Aires
"Court 6",America/Santiago
"Indoor 1",America/Chicago
"Indoor 2",America/Chicago
"Court 7",America/Santiago
"Court 8",America/Santiago
"West Park Oval",Australia/Tasmania
"Court 5",Asia/Kolkata
"Court 4",Asia/Shanghai
"Court 8",Asia/Shanghai
"Cancha 3",America/Montevideo
"Court 2",Europe/Brussels
"Court Francoise Savatier",Europe/Paris
"Court 10",America/Los_Angeles
"Court 4",America/New_York
"Court 2",America/New_York
"Centre Court 1",America/Sao_Paulo
"Court 1",America/Sao_Paulo
"Court 2",America/Sao_Paulo
"Court 5",Asia/Qatar
"Court 2",Europe/Paris
CC,Asia/Shanghai
Central,Europe/Paris
"TC Pau 1",Europe/Paris
"Court 20",America/Los_Angeles
"Covered Court 2",Asia/Shanghai
"Covered Court 4",Asia/Shanghai
"Court 4",America/Mexico_City
"Court 3",America/Mexico_City
"Court 14",America/Sao_Paulo
"Center Court",America/Phoenix
"Court 3",America/Phoenix
"Court 2",America/Phoenix
"Court 4",America/Phoenix
"Court 1",Europe/Paris
"Court 7",America/New_York
"Court 5",America/New_York
"Court 4",America/New_York
"Court 3",America/New_York
"Court 7",Asia/Bahrain
"Court CC",Asia/Bahrain
"Quadra 1",Brazil/East
"Butch Buchholz",America/New_York
"Court Marc Gicquel",Europe/Paris
"Althea Gibson Club Court",America/New_York
"Court 1",Europe/Paris
"Court 2",Europe/Paris
"Indoor 1",Europe/Paris
"Indoor 2",Europe/Zurich
"Indoor 1",Europe/Zurich
"Pista Central",Europe/Madrid
"Pista 2",Europe/Madrid
"Pista 3",Europe/Madrid
"Pamukspor 1",Europe/Istanbul
"Court 5",America/Guayaquil
"Court 6",America/Guayaquil
"Elizabeth Moore Court",America/New_York
"Court 9",Asia/Almaty
"Court 4",Europe/Paris
"Court 5",Europe/Paris
"Centre Court",Europe/Paris
"Centre Court",Asia/Tbilisi
"Centre Court",Asia/Almaty
"Court 6",Europe/Berlin
"Court 1",Europe/Berlin
"Court 7",Europe/Berlin
"Court 8",Europe/Berlin
"Court 5",Europe/Berlin
"Centre Court 3",Europe/Berlin
"Court 4",Europe/Berlin
"Court 2",Europe/Berlin
"Court 2",Europe/Paris
"Court 3",Europe/Lisbon
"Center Court",Europe/Lisbon
"Court 1",Europe/Lisbon
"Court 2",Europe/Lisbon
"Court 3",Europe/Lisbon
"Court 4",Europe/Lisbon
"Indoor 6",Europe/Lisbon
"Indoor 5",Europe/Lisbon
"Court 2",Asia/Seoul
Center,Europe/Rome
"Court 3",Europe/Rome
"Court 4",Europe/Rome
"Center Court",Europe/Madrid
"Grand Stand",Europe/Rome
"Court 6 - Centre",Europe/Prague
"Indoor Angiulli Bari1",Europe/Rome
"Indoor Angiulli Bari2",Europe/Rome
"Indoor Angiulli Bari3",Europe/Rome
"Court 5",Europe/Madrid
"Court 4",Europe/Paris
"Court 1",Europe/Madrid
"Court 2",Europe/Madrid
"Indoor C",Europe/Paris
"Court Simonne Mathieu",Europe/Paris
"Center Court",Europe/Berlin
"Staerk Court",Europe/Berlin
Stadium,America/Chicago
"Court 1",America/Chicago
"Court 13",America/Chicago
"Center Court",Europe/Zagreb
"Court 1",Europe/Zagreb
"Indoor Ct1",America/Chicago
"Indoor Ct3",America/Chicago
"Court 23",Europe/Paris
"Court 12",Europe/Paris
"Indoor 1",Europe/London
"Court 14",Europe/Paris
"Court 15",Europe/Paris
"Trent 1",Europe/London
"Trent 2",Europe/London
"Indoor Court 1",America/New_York
"Center Court",Europe/Rome
Grandstand,Europe/Rome
"Court 18",Europe/Madrid
"Court 3",Europe/Paris
"Court 19",Europe/Madrid
"Court 17",Europe/Madrid
"Court 4",America/New_York
"Court 2",America/New_York
"Court 13",Europe/Madrid
"Court 12",Europe/Madrid
"Court 6",America/New_York
"Indoor 5",Europe/London
"Court 1",Europe/Rome
"Court 2",Europe/Rome
"Court 1",Europe/Berlin
"Court 4",Europe/Belgrade
"Court 1",Europe/Belgrade
"Court 3",Europe/Belgrade
"Court 5",Europe/Belgrade
"Court 4",Europe/Vilnius
"Court 7",Europe/Vilnius
"Court 3",Europe/Vilnius
"Court 2",America/Chicago
"Court 3",America/Chicago
"Court 9",Pacific/Honolulu
"Court 3",Europe/Paris
"Court 5",Europe/Vilnius
"Centre Court",Europe/Zurich
"Court 1",Europe/Zurich
"Court 2",Europe/Zurich
"Court 1",Europe/Brussels
"Court 2",Europe/Brussels
"Court 3",Europe/Brussels
"Center Court",Europe/Brussels
"Court 2",Europe/Prague
"Court 1",Europe/Prague
"Court 5",Asia/Almaty
"Van Mossel Kia Court",Europe/Brussels
"Indoor 2",Asia/Taipei
"Indoor 1",Asia/Taipei
"Court 2",America/Mexico_City
"Court 4",America/New_York
"Court 5",America/New_York
"Centre Court",Europe/Berlin
"Court 1",Europe/Berlin
"Court 6",Europe/Warsaw
"Court 7",Europe/Warsaw
"Court 8",Europe/Warsaw
"Court 1",Europe/London
"Court 9",Europe/Warsaw
"Court 2",Europe/Paris
"Centre Court",Asia/Tokyo
"Show Court 1",Asia/Tokyo
"Court 7",Asia/Tokyo
"Center Court",Europe/Berlin
"Court 1",Europe/Berlin
"Court 2",Europe/Berlin
"Pista 2",Europe/Madrid
"Pista 4",Europe/Madrid
"Pista 3",Europe/Madrid
"Serena Wines 1881",Europe/Rome
"Acqua Maniva",Europe/Rome
"Court 4",Europe/Warsaw
"Center Court",America/New_York
"Court 3",America/Chicago
"Polygon Court",America/Vancouver
"Cancha 3",America/Guayaquil
"Table 1",Europe/Prague
"Table 2",Europe/Prague
"Table 3",Europe/Prague
"Court 1",Europe/Prague
Indoor,Europe/Madrid
"Court 12",America/Argentina/Buenos_Aires
"Court 1",Europe/Paris
"Court 2",Europe/Paris
"Indoor 3",America/Chicago
"Court 13",America/Chicago
"Court 11",America/Chicago
"Court 14",Asia/Shanghai
"Court 3",Europe/Madrid
"Quadra Central",America/Sao_Paulo
"Quadra 13",America/Sao_Paulo
"Quadra 14",America/Sao_Paulo
"Indoor 2",Europe/London
"Quadra 8",America/Sao_Paulo
Diamond,Asia/Shanghai
"Court 6",Australia/Brisbane
"Court 3",Australia/Brisbane
"Grandstand 2",Asia/Shanghai
"Court 1",Europe/Paris
"Court Central",Europe/Paris
"Centra Court",Brazil/East
"Court 2",Brazil/East
"Center Court",Brazil/East
"Pista 6",Europe/Madrid
"Pista 5",Europe/Madrid
"Court 12",America/Chicago
"Court 11",America/Chicago
"Quadra 3",America/Sao_Paulo
"Quadra 2",America/Sao_Paulo
"Indoor 2",America/Chicago
"Indoor 3",America/Chicago
Stadium,America/Chicago
"Court 5",Asia/Shanghai
"Center Court",Europe/Paris
"Allianz Cloud Court",Europe/Rome
"Court 5",Europe/Lisbon
"Center Court",Europe/Lisbon
"Court 4",Europe/Lisbon
"Court 2",America/Chicago
"Court 1",America/Chicago
"Court 5",America/Chicago
"Court 3",America/Chicago
"Court 6",America/Chicago
"Court 4",America/Chicago
"Court 2",America/New_York
"Stadium Court",Asia/Dubai
"Court 2",Australia/ACT
"Show Court 1",Australia/South
"Court 2",Australia/South
"Court 3",Australia/South
"Court 22",Europe/Istanbul
"Court 17",Europe/Istanbul
"Court 20",Europe/Istanbul
"Court 21",Europe/Istanbul
"Centre Court",Australia/Melbourne
"Court Le Liberte",Europe/Paris
"Court 8",America/Los_Angeles
"Court 8",America/Los_Angeles
"Court 8",America/Los_Angeles
"San Carlos De Apoquindo",America/Santiago
"Center Court",America/New_York
"Fargona Stadium",Asia/Tashkent
"Estadio Arena GNP Seguros",America/Mexico_City
Center,Europe/Athens
"Grandstand Court",America/Edmonton
"Court Central",America/Argentina/Buenos_Aires
"Court 10",Africa/Johannesburg
"Court 1",Africa/Johannesburg
"Estadio Alberto Gallardo",America/Lima
"Gene Cox Stadium",America/New_York
"Court 8",Africa/Johannesburg
"Centralni Teren",Europe/Belgrade
"Teren 6",Europe/Belgrade
"Teren 7",Europe/Belgrade
"Teren 8",Europe/Belgrade
"Teren 9",Europe/Belgrade
"Teren 10",Europe/Belgrade
"Center Court",Europe/Berlin
"Court 7",Europe/Belgrade
"Court 8",Europe/Belgrade
"Court 5",Europe/Warsaw
"Court 1",Europe/London
"Court 5",Europe/London
"Court 4",Europe/Warsaw
"Court 3",Europe/Warsaw
"Pista Central",Europe/Madrid
"Pista 2",Europe/Madrid
"Court 7",Europe/Warsaw
"Center Court",Europe/London
"Court 12",Europe/Rome
Bergamo,Europe/Rome
"Center Court",America/New_York
"Indoor 11",America/New_York
"Indoor 9",America/New_York
"Campo 2",Europe/Lisbon
"Court 2",Europe/Vienna
"Court 6",Europe/Vienna
"Court 1",Europe/Vienna
