competitor_id,name,rank_position,points
sr:competitor:100069,"Sachko, Vitaliy",239,295
sr:competitor:100185,"Horvit, Mia",491,144
sr:competitor:100317,"Turker, Mert Naci",423,134
sr:competitor:1008651,"Adams, Julia",243,340
sr:competitor:1011445,"Exsted, Maxwell",403,144
sr:competitor:101157,"Rybakov, Alex",343,184
sr:competitor:1015089,"Winegar, Theodore",61,1306
sr:competitor:1017327,"Samson, Laura",236,352
sr:competitor:1020123,"Kovackova, Alena",180,466
sr:competitor:1020177,"Huang, Yujia",266,306
sr:competitor:1020179,"Zhu, Chenting",474,149
sr:competitor:1020369,"Oliveira, Bruno (2002)",223,330
sr:competitor:1020797,"Trhac, Patrik",64,1279
sr:competitor:1020859,"Pawlikowska,  Zuzanna",267,304
sr:competitor:102151,"Tabilo, Alejandro",205,351
sr:competitor:1022815,"Akli, Ayana",159,524
sr:competitor:102339,"Van de Zandschulp, Botic",203,360
sr:competitor:1025093,"Bianchi, Juan Jose",214,340
sr:competitor:102637,"McAdoo, Rasheeda",117,735
sr:competitor:1027515,"Du Pree, Britt",256,326
sr:competitor:1027517,"Ebeling Koning, Loes",388,194
sr:competitor:1027625,"Meneo, Tadeo",474,116
sr:competitor:1028265,"Colombo, Andrea",485,115
sr:competitor:1034525,"Filin, Nikita Samuel",281,244
sr:competitor:103625,"Geerts, Michael",196,373
sr:competitor:1036507,"Covato, Matteo",475,116
sr:competitor:1038811,"Dyussebay, Ingkar",477,149
sr:competitor:103901,"Ruse, Elena-Gabriela",87,976
sr:competitor:1042053,"Haita, Stefan Horia",497,111
sr:competitor:1045543,"Bennemann, Eva",476,149
sr:competitor:1047289,"Sciahbasi, Matteo",436,127
sr:competitor:104847,"Sonego, Lorenzo",275,250
sr:competitor:104917,"Vliegen, Joran",170,457
sr:competitor:104929,"Tona, Miriana",305,253
sr:competitor:105063,"Gavrila, Oana",175,482
sr:competitor:105099,"Birrell, Kimberly",124,691
sr:competitor:1052227,"Maduzzi, Gaia",271,301
sr:competitor:105463,"Bouzkova, Marie",39,2336
sr:competitor:106341,"Knutson, Gabriela",286,278
sr:competitor:106349,"Reboul, Fabien",22,2780
sr:competitor:106395,"Ricca, Giorgio",332,197
sr:competitor:106559,"Doumbia, Sadio",23,2780
sr:competitor:106755,"Rublev, Andrey",220,330
sr:competitor:1073106,"Alicea, Samantha",461,154
sr:competitor:1080640,"Coppez, Kaat",413,178
sr:competitor:1080832,"Fuchs, Zachary",250,284
sr:competitor:108099,"Cash, Julian",15,3970
sr:competitor:108621,"Kempen, Magali",35,2376
sr:competitor:108755,"Jebens, Hendrik",82,1036
sr:competitor:108857,"Lewis, Mary",385,196
sr:competitor:1098357,"Egorova, Daria",336,227
sr:competitor:110299,"Zidansek, Tamara",418,175
sr:competitor:110707,"Pichler, David",367,168
sr:competitor:1111195,"Remondy Pagotto, Victor Hugo",430,130
sr:competitor:111149,"Samir, Sandra",364,208
sr:competitor:111189,"Zarazua, Renata",200,416
sr:competitor:111195,"Luz, Orlando",17,3860
sr:competitor:1115539,"Panshina, Varvara",191,442
sr:competitor:111607,"Ingildsen, Johannes",151,560
sr:competitor:111609,"Barroso Campos, Alberto",251,282
sr:competitor:1116289,"Leme Da Silva, Nauhany Vitoria",347,218
sr:competitor:111767,"Nepliy, Elina",299,263
sr:competitor:112061,"Walkow, Szymon",137,640
sr:competitor:112805,"Zielinski, Jan",41,2000
sr:competitor:1128937,"Miguel, Luis Guto",182,430
sr:competitor:112957,"Jeanjean, Leolia",430,168
sr:competitor:112969,"Schnaitter, Jakob",32,2320
sr:competitor:113079,"Grabher, Julia",454,158
sr:competitor:113221,"Niklas-Salminen, Patrik",135,641
sr:competitor:113889,"Liutarevich, Ivan",89,937
sr:competitor:1144655,"Dean, Theodore",450,121
sr:competitor:114831,"Erler, Alexander",39,2050
sr:competitor:114885,"Nikles, Johan",401,145
sr:competitor:1149479,"Stoyanov, Antonia",490,144
sr:competitor:115507,"Bolsova, Aliona",268,302
sr:competitor:1164921,"Lombardini, Marta",480,148
sr:competitor:116616,"Clarke, Jay",287,238
sr:competitor:117866,"Mukund, Sasikumar",480,115
sr:competitor:118052,"Oz, Ipek",341,224
sr:competitor:119150,"Fancutt, Thomas",222,330
sr:competitor:119216,"Herrero Linana, Alicia",126,674
sr:competitor:1195051,"Yuneva, Alina",458,156
sr:competitor:119670,"Perez, Ellen",20,3240
sr:competitor:1196859,"Suarez, Billy",279,248
sr:competitor:120664,"Pedretti, Thaisa Grana",381,199
sr:competitor:120722,"Alhussein Abdel Aziz, Lamis",428,170
sr:competitor:120956,"Alcantara, Francis Casey",476,116
sr:competitor:121032,"Stalder, Reese",101,846
sr:competitor:121182,"Guinard, Manuel",13,4060
sr:competitor:121248,"Roveri Sidney, Gabriel",438,126
sr:competitor:121668,"Meligeni Alves, Felipe",358,179
sr:competitor:1222991,"Kovackova, Jana",209,392
sr:competitor:122366,"Tsitsipas, Stefanos",260,270
sr:competitor:122368,"Griekspoor, Tallon",174,450
sr:competitor:122668,"Daniel, Jaeda",238,350
sr:competitor:123824,"Dolehide, Caroline",139,623
sr:competitor:124708,"Cukierman, Daniel",128,670
sr:competitor:124934,"Lomakin, Grigoriy",292,230
sr:competitor:125006,"Borges, Nuno",299,225
sr:competitor:126402,"Denolly, Corentin",428,130
sr:competitor:126622,"Ruehl, Tim",138,638
sr:competitor:127208,"Altmaier, Daniel",197,370
sr:competitor:127646,"Cabral, Francisco",34,2300
sr:competitor:1279439,"Breaz, Alesia",403,186
sr:competitor:128584,"Samsonova, Liudmila",48,1963
sr:competitor:129430,"Cervino Ruiz, Celia",318,243
sr:competitor:129534,"Hruncakova, Viktoria",113,776
sr:competitor:129714,"Nicholls, Olivia",28,2909
sr:competitor:130442,"Rai, Ajeet",163,490
sr:competitor:130494,"Neos, Eleftherios",301,225
sr:competitor:132370,"Kasatkina, Daria",471,150
sr:competitor:132412,"Fita Boluda, Angela",272,297
sr:competitor:132558,"Kolar, Zdenek",229,315
sr:competitor:133076,"Navarro Oliva, Maria Fernanda",321,239
sr:competitor:133080,"Hinojosa Gomez, Jessica",368,206
sr:competitor:134342,"Cengiz, Berfu",459,155
sr:competitor:134532,"You, Xiaodi",184,455
sr:competitor:135828,"Walters, Marcus",375,160
sr:competitor:135854,"Neel, Ingrid",63,1454
sr:competitor:137932,"Mikulskyte, Justina",264,309
sr:competitor:138452,"Shibahara, Ena",76,1215
sr:competitor:138712,"Oradini, Giovanni",371,166
sr:competitor:141882,"Blancaneaux, Geoffrey",363,174
sr:competitor:141892,"Carle, Maria",197,420
sr:competitor:142758,"Zhang, Ying",170,489
sr:competitor:142996,"Mihalikova, Tereza",28,2909
sr:competitor:143146,"Smith, Alana",91,948
sr:competitor:145008,"Uesugi, Kaito",111,770
sr:competitor:145108,"Bertola, Remy",415,137
sr:competitor:145112,"Huesler, Marc-Andrea",278,250
sr:competitor:14553,"Ram, Rajeev",73,1125
sr:competitor:145936,"Kaliyanda Poonacha, Niki",88,970
sr:competitor:146040,"Gomez, Federico Agustin",202,361
sr:competitor:147104,"Romios, Matthew Christopher",157,507
sr:competitor:148276,"Zheng, Wushuang",194,436
sr:competitor:14835,"Roger-Vasselin, Edouard",26,2570
sr:competitor:14898,"Heliovaara, Harri",1,10540
sr:competitor:150122,"Jiang, Xinyu",22,3100
sr:competitor:150574,"Bondar, Anna",146,589
sr:competitor:152106,"Zaar, Lisa",166,508
sr:competitor:152900,"Rikl, Patrik",31,2350
sr:competitor:15305,"Gonzalez, Santiago",72,1175
sr:competitor:15310,"Bolelli, Simone",12,5060
sr:competitor:153652,"Guo, Hanyu",16,3696
sr:competitor:153744,"Pereira, Rebeca",473,149
sr:competitor:154490,"Pearson, Kody",217,336
sr:competitor:154740,"Delaney, Jesse",230,313
sr:competitor:154744,"Lee, Eunhye (2000)",369,206
sr:competitor:15548,"Gonzalez, Maximo",62,1305
sr:competitor:15568,"Granollers, Marcel",6,6030
sr:competitor:155860,"Lock, Courtney John",330,201
sr:competitor:15588,"Rojer, Jean-Julien",65,1260
sr:competitor:156040,"Cho, I-Hsuan",94,917
sr:competitor:157368,"Kazionova, Ekaterina",485,147
sr:competitor:157396,"Veldheer, Mick",154,524
sr:competitor:157672,"Stollar, Fanny",34,2409
sr:competitor:158912,"Vacherot, Valentin",108,800
sr:competitor:16042,"Haase, Robin",42,1990
sr:competitor:161220,"Pavel, Bogdan",136,641
sr:competitor:16124,"Melo, Marcelo",54,1510
sr:competitor:161270,"Salden, Lara",110,793
sr:competitor:161448,"Jones, Ben",158,497
sr:competitor:16151,"Venus, Michael",97,870
sr:competitor:16160,"Zeballos, Horacio",5,6030
sr:competitor:161868,"Huertas Del Pino, Connor",310,219
sr:competitor:16198,"Escobar, Gonzalo",90,935
sr:competitor:163438,"Sun, Fajing",280,245
sr:competitor:163480,"Bublik, Alexander",357,180
sr:competitor:163492,"Tamm, Kristjan",470,117
sr:competitor:163504,"Medvedev, Daniil",349,180
sr:competitor:163538,"Donski, Alexander",84,1022
sr:competitor:163540,"Hermans, Mats",243,291
sr:competitor:164852,"Okalova, Martina",394,191
sr:competitor:16573,"Demoliner, Marcelo",59,1370
sr:competitor:165866,"Miyazaki, Yuriko Lily",440,165
sr:competitor:16608,"Mektic, Nikola",25,2590
sr:competitor:166124,"Olmos, Giuliana",43,2164
sr:competitor:16823,"Romboli, Fernando",102,840
sr:competitor:168420,"Andrade, Andres",177,439
sr:competitor:16852,"Uzhylovskyi, Volodoymyr",386,155
sr:competitor:168526,"Appleton, Emily",176,481
sr:competitor:16854,"Molchanov, Denys",119,726
sr:competitor:169496,"Etcheverry, Tomas Martin",107,810
sr:competitor:16992,"Willis, Marcus",68,1230
sr:competitor:169960,"Leon, Sabastiani",455,158
sr:competitor:17038,"Smith, John-Patrick",79,1093
sr:competitor:170946,"Bergs, Zizou",392,150
sr:competitor:170964,"Bittoun Kouzmine, Constantin",185,425
sr:competitor:170976,"Ribero, Franco",210,345
sr:competitor:171026,"Tsygourova, Katerina",377,203
sr:competitor:171072,"Hsu, Jeffrey Chuan En",303,223
sr:competitor:171354,"Romero, Camila",277,290
sr:competitor:173748,"Detiuc, Anastasia",61,1581
sr:competitor:175014,"Moutet, Corentin",259,270
sr:competitor:179248,"Yoshioka, Kisa",307,252
sr:competitor:179294,"Opitz, Jannik",238,298
sr:competitor:180104,"Reymond, Arthur",66,1246
sr:competitor:180446,"Wessels, Louis",426,132
sr:competitor:18066,"Basic, Mirza",459,120
sr:competitor:180948,"Parizzia, Nicolas",342,185
sr:competitor:181384,"Sinha, Nitin Kumar",218,333
sr:competitor:182054,"Skoch, Miriam",55,1714
sr:competitor:182086,"Bass, Finn",189,408
sr:competitor:182178,"Wu, Fang-Hsien",51,1851
sr:competitor:18251,"Williams, Venus",211,388
sr:competitor:18298,"Zvonareva, Vera",15,3707
sr:competitor:183957,"Kobori, Momoko",81,1099
sr:competitor:185412,"Labrana, Fernanda",411,179
sr:competitor:185434,"Rodriguez Taverna, Santiago",192,379
sr:competitor:187689,"Galarneau, Alexis",351,180
sr:competitor:188321,"Kovacevic, Aleksandar",94,900
sr:competitor:18919,"Lepchenko, Varvara",408,183
sr:competitor:18936,"Hsieh, Su-Wei",10,4625
sr:competitor:189384,"Kulambayeva, Zhibek",108,824
sr:competitor:18965,"Klepac, Andreja",60,1660
sr:competitor:19202,"Errani, Sara",13,4235
sr:competitor:192108,"Yastremska, Dayana",216,381
sr:competitor:192130,"Blinkova, Anna",398,187
sr:competitor:193912,"Dev, S D Prajwal",180,431
sr:competitor:194106,"Tang, Qianhui",50,1903
sr:competitor:194474,"Yang, Yidi",434,167
sr:competitor:194604,"Konishi Camargo Silva, Julia",497,142
sr:competitor:19520,"Maria, Tatjana",171,488
sr:competitor:195404,"Miyamoto, Ayumi",314,246
sr:competitor:195408,"Shimizu, Ayano",131,658
sr:competitor:195458,"Added, Dan",255,274
sr:competitor:19607,"Zhang, Shuai",7,6050
sr:competitor:19655,"Niculescu, Monica",317,244
sr:competitor:196552,"Villet, Marie",435,167
sr:competitor:19728,"Cirstea, Sorana",129,670
sr:competitor:19731,"Piter, Katarzyna",49,1950
sr:competitor:197678,"Tsitsipas, Petros",394,150
sr:competitor:19847,"Rus, Arantxa",280,283
sr:competitor:19932,"Muhammad, Asia",52,1838
sr:competitor:19974,"Xu, Yifan",27,2981
sr:competitor:200873,"Forcano Aparicio, Ignasi",244,291
sr:competitor:201105,"Yuan, Chengyiyi",312,247
sr:competitor:20158,"Webley-Smith, Emily",156,547
sr:competitor:202681,"Marrero Curbelo, Ivan",344,184
sr:competitor:202735,"Carou, Ignacio",188,411
sr:competitor:202803,"Bakhmutkina, Polina",275,292
sr:competitor:203681,"Korda, Sebastian",499,110
sr:competitor:203893,"Kucmova, Aneta",111,777
sr:competitor:204117,"Ugo Carabelli, Camilo",354,180
sr:competitor:204495,"Vocel, Matej",80,1067
sr:competitor:204781,"Nouza, Petr",35,2275
sr:competitor:206889,"Galloway, Robert",44,1795
sr:competitor:206957,"Nagata, Anri",355,213
sr:competitor:207777,"Imamura, Masamichi",252,279
sr:competitor:208105,"Arango, Emiliana",190,442
sr:competitor:208123,"Maginley, Jody",169,469
sr:competitor:208125,"Liang, En-Shuo",21,3184
sr:competitor:208229,"Ngounoue, Malkia",494,143
sr:competitor:209202,"Chandrasekar, Anirudh",95,885
sr:competitor:209418,"Hoedt, Merel",246,335
sr:competitor:209716,"Mansouri, Yasmine",306,253
sr:competitor:210558,"Jorge, Francisca",148,583
sr:competitor:210592,"Ribeiro, Eduardo",144,623
sr:competitor:210636,"Poling, Karl",161,495
sr:competitor:210670,"Cho, Yi Tsen",94,917
sr:competitor:210736,"Lammons, Nathaniel",75,1125
sr:competitor:211262,"Danilovic, Olga",387,194
sr:competitor:211992,"Alkaya, Mert",442,124
sr:competitor:212046,"de Jonge, Daniel",387,152
sr:competitor:213144,"Lemaitre, Tiphanie",203,408
sr:competitor:213234,"Ozdemir, S Mert",327,202
sr:competitor:215476,"Siskova, Anna",68,1374
sr:competitor:215598,"Vedder, Eva",400,186
sr:competitor:215696,"Schell, Niklas",326,202
sr:competitor:215778,"Izquierdo Luque, Rafael",334,196
sr:competitor:215806,"Hewitt, Dalayna",102,850
sr:competitor:216502,"Broom, Charles",289,237
sr:competitor:217036,"Malygina, Elena",250,330
sr:competitor:217056,"Cortez Llorca, Lucia",379,201
sr:competitor:217192,"Ouakaa, Aziz",369,167
sr:competitor:217912,"Andreescu, Bianca",212,387
sr:competitor:219398,"Park, Uisung",288,238
sr:competitor:220588,"Hsu, Yu Hsiou",294,229
sr:competitor:220590,"Huang, Tsung-Hao",311,219
sr:competitor:221510,"Chiesa, Enola",252,328
sr:competitor:221556,"Alves, Mateus",282,243
sr:competitor:222546,"Kuzmova, Katarina",167,505
sr:competitor:222628,"Ayeni, Alafia",184,425
sr:competitor:223862,"Laboutkova, Aneta",116,755
sr:competitor:223868,"Matuszewski, Piotr",120,726
sr:competitor:223874,"Gaston, Hugo",347,180
sr:competitor:224024,"Alvarez Varona, Nicolas",345,182
sr:competitor:225130,"Starodubtseva, Yuliia",193,438
sr:competitor:225468,"Vagramov, Alexandra",228,365
sr:competitor:226092,"Shimizu, Eri",185,452
sr:competitor:226170,"Urrutia, Maria Florencia",450,162
sr:competitor:226306,"Corley, Ivana",134,645
sr:competitor:227342,"Thompson, Belle",446,163
sr:competitor:227390,"Brancaccio, Nuria",412,178
sr:competitor:227486,"Zantedeschi, Aurora",225,369
sr:competitor:228766,"Braynin, Aleksandr",376,160
sr:competitor:229024,"Zahraj, Patrick",338,191
sr:competitor:22967,"Bhambri, Yuki",45,1770
sr:competitor:230108,"McGiffin, Tenika",172,487
sr:competitor:230152,"Zeuch, Tom",424,133
sr:competitor:230186,"Verbeek, Sem",55,1475
sr:competitor:23082,"Rodionova, Arina",466,151
sr:competitor:231090,"Arribage, Theo",20,3290
sr:competitor:231188,"Frantzen, Constantin",40,2035
sr:competitor:233144,"Duda, Filip",149,568
sr:competitor:233184,"Glinka, Daniil",391,150
sr:competitor:233266,"Ovcharenko, Ekaterina",130,660
sr:competitor:233478,"Bayerlova, Michaela",219,375
sr:competitor:233748,"El Jardi, Diae",405,185
sr:competitor:234044,"Kirkov, Vasil",53,1565
sr:competitor:234124,"Stevens, Bart",50,1625
sr:competitor:234150,"Potapova, Anastasia",445,163
sr:competitor:234398,"Nahimana, Sada",365,207
sr:competitor:235252,"Kozyreva, Maria",53,1829
sr:competitor:235260,"Chwalinska, Maja",220,373
sr:competitor:23899,"King, Evan",52,1615
sr:competitor:24009,"Betov, Sergey",235,304
sr:competitor:240264,"Reis Da Silva, Joao Lucas",437,126
sr:competitor:240880,"Hilderbrand, Trey",106,820
sr:competitor:242504,"Mattel, Marie",352,215
sr:competitor:242602,"McNally, Caty",46,2073
sr:competitor:242630,"Osorio, Camila",452,161
sr:competitor:243478,"Vives Marcos, Pedro",374,160
sr:competitor:243522,"Paul, Jakub",56,1447
sr:competitor:244184,"John-Baptiste, Lauryn",389,194
sr:competitor:244216,"Giavara, Haley",290,273
sr:competitor:24431,"Panova, Alexandra",47,1997
sr:competitor:244388,"Kalyanpur, Adil",346,182
sr:competitor:245295,"Waltert, Simona",245,335
sr:competitor:245343,"Zhu, Michael",395,150
sr:competitor:245673,"Feng, Shuo",100,857
sr:competitor:246745,"Tajima, Naoki",307,221
sr:competitor:246945,"Da Silva Fick, Gabriella",151,571
sr:competitor:25021,"Cervantes, Inigo",109,783
sr:competitor:250231,"Shimizu, Yuta",233,311
sr:competitor:250285,"Falkowska, Weronika",112,776
sr:competitor:251091,"Noguchi, Rio",440,125
sr:competitor:25189,"Krajicek, Austin",28,2500
sr:competitor:252223,"Rakhimova, Kamilla",103,843
sr:competitor:252239,"Forti, Francesco",178,439
sr:competitor:254383,"Marozsan, Fabian",261,270
sr:competitor:254551,"Udvardy, Panna",391,192
sr:competitor:254553,"Nagy, Adrienn",183,458
sr:competitor:25458,"Martinez, Luis David",179,433
sr:competitor:255595,"Cerundolo, Francisco",141,630
sr:competitor:256001,"Ho, Ray",71,1197
sr:competitor:256393,"Kravchenko, Georgii",383,157
sr:competitor:256447,"Monnet, Carole",214,384
sr:competitor:256547,"Parks, Alycia",285,278
sr:competitor:256875,"Tirante, Thiago Agustin",277,250
sr:competitor:25726,"Gomez, Juan Sebastian",427,130
sr:competitor:257649,"Sacco, Federica",441,165
sr:competitor:257691,"Hennemann, Caijsa Wilda",233,359
sr:competitor:258735,"Cerundolo, Juan Manuel",479,115
sr:competitor:261583,"Li, Ann",174,483
sr:competitor:262023,"Wang, Meiling",382,197
sr:competitor:262701,"Hodzic, Mina",319,242
sr:competitor:262759,"Wang, Xiyu",370,205
sr:competitor:262865,"Shiraishi, Hikaru",464,119
sr:competitor:263865,"Reynolds, Finn",77,1096
sr:competitor:263917,"Draxl, Liam",416,136
sr:competitor:264863,"Novak, Kristina",198,420
sr:competitor:266711,"Pavlovic, Luka",356,180
sr:competitor:268441,"Gadamauri, Buvaysar",340,190
sr:competitor:272217,"Wang, Xinyu",77,1162
sr:competitor:272245,"Latinovic, Stefan",91,927
sr:competitor:272273,"Mansilla Diez, Mario",162,491
sr:competitor:273883,"Rocha, Francisco",368,168
sr:competitor:278497,"Radovanovic, Tadija",339,191
sr:competitor:278887,"Kostyuk, Marta",165,510
sr:competitor:278943,"Lansere, Sofya",137,638
sr:competitor:280601,"Oberleitner, Neil",38,2175
sr:competitor:282057,"Guo, Meiqi",363,208
sr:competitor:282597,"Park, Sohyun",226,368
sr:competitor:283451,"Rodriguez, Lorenzo Joaquin",468,118
sr:competitor:283759,"Chidekh, Clement",458,120
sr:competitor:284835,"Smith, Keegan",302,223
sr:competitor:286435,"Gadecki, Olivia",240,341
sr:competitor:286459,"Allen, Victoria",349,218
sr:competitor:287215,"Seggerman, Ryan",60,1360
sr:competitor:287541,"Sweeny, Dane",246,287
sr:competitor:287543,"Hulme, Matt",309,219
sr:competitor:287769,"Kessler, McCartney",302,255
sr:competitor:289021,"Charlton, Joshua",176,443
sr:competitor:289507,"Fernandez, Leylah",79,1125
sr:competitor:290994,"Wong, Hong Yi Cody",152,566
sr:competitor:292414,"Winter Lopez, Benjamin",127,681
sr:competitor:292540,"Matsuda, Misaki",304,255
sr:competitor:294300,"Nakashima, Brandon",500,110
sr:competitor:295508,"Vrbensky, Michael",114,750
sr:competitor:296270,"Stevenson, David",81,1062
sr:competitor:297448,"Kiger, Mac",74,1125
sr:competitor:297502,"Bayldon, Blake",133,647
sr:competitor:297588,"Romero Gormaz, Leyre",273,293
sr:competitor:297608,"Hazawa, Shinji",379,159
sr:competitor:298118,"Summers, Matthew",256,274
sr:competitor:299130,"Hijikata, Rinky",183,425
sr:competitor:299310,"Sonmez, Zeynep",153,555
sr:competitor:299818,"Henning, Philip",432,129
sr:competitor:300496,"Sawangkaew, Mananchaya",288,276
sr:competitor:300540,"Machac, Tomas",245,290
sr:competitor:301896,"Ovcharenko, Oleksandr",296,228
sr:competitor:303814,"Tikhonova, Anastasia",78,1140
sr:competitor:303862,"Johns, Garrett",267,258
sr:competitor:305558,"Roncadelli, Franco",399,146
sr:competitor:305776,"Soto, Matias",209,346
sr:competitor:307112,"Erel, Yanki",462,119
sr:competitor:309954,"Droguet, Titouan",181,430
sr:competitor:310972,"Banthia, Siddhant",118,733
sr:competitor:310974,"De Jong, Jesper",453,120
sr:competitor:310984,"Sato, Naho",334,229
sr:competitor:312348,"Pankin, Semen",390,151
sr:competitor:312436,"Hudd, Emile",312,218
sr:competitor:312440,"Thomson, Connor",362,174
sr:competitor:312728,"Stewart, Hamish",328,201
sr:competitor:315609,"Kraus, Sinja",259,315
sr:competitor:315663,"Barry, Monique",257,323
sr:competitor:318187,"Slavic, Nikola",313,218
sr:competitor:319353,"Barry, Charles",226,320
sr:competitor:319455,"Baptiste, Hailey",217,380
sr:competitor:319461,"Hu, Victoria",378,202
sr:competitor:322589,"Pujol Navarro, Bruno",195,374
sr:competitor:322801,"Kalender, Admir",122,716
sr:competitor:324677,"Fullana, Luiza",372,205
sr:competitor:325837,"Sakellaridi, Sapfo",123,701
sr:competitor:329535,"Tauson, Clara",101,855
sr:competitor:335171,"Uchijima, Moyuka",313,246
sr:competitor:33593,"Mladenovic, Kristina",11,4538
sr:competitor:337607,"Yang, Zijiang",433,129
sr:competitor:337811,"Ortenzi, Jazmin",326,236
sr:competitor:337813,"Riera, Julia",287,277
sr:competitor:339377,"Lehecka, Jiri",353,180
sr:competitor:340365,"Milovanovic, Elena",204,408
sr:competitor:341112,"Zakharova, Anastasia",407,184
sr:competitor:341188,"Justo, Guido Ivan",384,155
sr:competitor:341196,"Back, Dayeon",213,385
sr:competitor:341216,"Charaeva, Alina",437,166
sr:competitor:341218,"Colson, Tibo",441,124
sr:competitor:341238,"Boehner, Laura",422,174
sr:competitor:342822,"Ichikawa, Taisei",271,253
sr:competitor:342826,"Trotter, James Kent",324,204
sr:competitor:342976,"Jones, Alex",447,122
sr:competitor:342978,"Jones, Miles",447,122
sr:competitor:345060,"Kingsley, Cannon",414,137
sr:competitor:345070,"Arseneault, Ariana",162,516
sr:competitor:345134,"Lee, Ya-Hsin",105,831
sr:competitor:348210,"Perin, Riccardo",435,127
sr:competitor:348216,"Argyrokastriti, Marianne",464,152
sr:competitor:348308,"Sheehy, Joshua",234,306
sr:competitor:352784,"Adeshina, Esther",375,203
sr:competitor:353298,"van der Meerschen, Martin",473,116
sr:competitor:353358,"Tran, Lian",205,405
sr:competitor:353548,"Hernandez, Alex",305,221
sr:competitor:355958,"Visscher, Stephanie Judith",475,149
sr:competitor:356694,"Lee, Carol Young Suh",330,231
sr:competitor:359602,"Musetti, Lorenzo",212,340
sr:competitor:360038,"Stearns, Peyton",135,644
sr:competitor:360054,"Allen, Kolie",442,164
sr:competitor:36593,"Krawietz, Kevin",7,5670
sr:competitor:369524,"Erjavec, Veronika",154,555
sr:competitor:369572,"Boulais, Justin",215,338
sr:competitor:369630,"Strombachs, Robert",227,317
sr:competitor:371448,"Llamas Ruiz, Pablo",297,227
sr:competitor:373348,"Pucinelli de Almeida, Matheus",380,158
sr:competitor:373352,"Gauff, Coco",149,573
sr:competitor:373354,"Cocciaretto, Elisabetta",324,237
sr:competitor:373362,"Gerald Gonzalez, Jimar Geraldine",431,168
sr:competitor:373852,"Zink, Tyler",411,138
sr:competitor:37508,"Siegemund, Laura",18,3348
sr:competitor:37637,"Zeballos, Federico",123,710
sr:competitor:376372,"Perez, Brandon",269,258
sr:competitor:37638,"Sema, Erika",360,210
sr:competitor:378144,"Karatancheva, Lia",222,372
sr:competitor:378220,"Huertas Del Pino Cordova, Arklon",231,312
sr:competitor:378226,"Crawley, Fiona",234,358
sr:competitor:378340,"Corley, Carmen",147,587
sr:competitor:380004,"Harper, Patrick",155,521
sr:competitor:380368,"Sebestova, Ivana",231,360
sr:competitor:381022,"Wendelken, Harry",322,206
sr:competitor:38180,"Mena, Facundo",156,516
sr:competitor:38181,"Molteni, Andres",63,1305
sr:competitor:382058,"Jacquet, Kyrian",237,300
sr:competitor:382264,"Tanguilig, Carson",337,227
sr:competitor:382796,"Collins, Kylie",179,467
sr:competitor:385206,"Radisic, Nika",73,1262
sr:competitor:387110,"Lacasse, Raphaelle",178,473
sr:competitor:389048,"Weckerle, Marie",406,185
sr:competitor:389078,"Lalami Laaroussi, Younes",207,349
sr:competitor:390480,"Watanabe, Seita",153,536
sr:competitor:393518,"Azkara, Arda",204,355
sr:competitor:393598,"Cash, Robert",58,1407
sr:competitor:395740,"Bhamidipaty, Shrivalli Rashmikaa",453,161
sr:competitor:395828,"Saraiva Dos Santos, Paulo Andre",211,342
sr:competitor:395890,"Magadan, Alan",224,327
sr:competitor:39726,"Kubler, Jason",70,1216
sr:competitor:399637,"Cobolli, Flavio",355,180
sr:competitor:401055,"Noskova, Linda",37,2350
sr:competitor:403285,"Zheng, Baoluo",314,218
sr:competitor:403329,"Toth, Amarissa Kiara",362,209
sr:competitor:403357,"Thayne, Wally",398,147
sr:competitor:405105,"Evans, Kailey",456,158
sr:competitor:405969,"Paulson, Andrew",86,998
sr:competitor:405977,"Schoolkate, Tristan",455,120
sr:competitor:406199,"Jacquemot, Elsa",242,340
sr:competitor:406401,"Ivanov, Valentina",420,175
sr:competitor:407785,"Murgett, Finn",300,225
sr:competitor:407791,"Mackinlay, James",206,350
sr:competitor:409673,"Zelnickova, Radka",311,248
sr:competitor:412813,"Martinez, Alex",456,120
sr:competitor:412829,"Matsuda, Ryuki",336,196
sr:competitor:41359,"Yashina, Ekaterina",281,283
sr:competitor:41404,"Watson, Heather",373,204
sr:competitor:414501,"Houkes, Max",360,177
sr:competitor:414533,"Abbagnato, Anastasia",300,262
sr:competitor:41475,"Arneodo, Romain",83,1022
sr:competitor:41480,"Garcia Perez, Georgina",297,268
sr:competitor:41520,"Kichenok, Lyudmyla",54,1760
sr:competitor:41524,"Krunic, Aleksandra",4,6850
sr:competitor:416473,"Reyngold, Ekaterina",356,210
sr:competitor:418253,"Sach, Tai Leonard",274,252
sr:competitor:418583,"Haverlag, Isabelle",74,1258
sr:competitor:41877,"Yuan, Yue",260,314
sr:competitor:420819,"Shaikh, Hibah",241,341
sr:competitor:421379,"Rencheli, Abigail",206,404
sr:competitor:42151,"Nam, Ji Sung",112,765
sr:competitor:42289,"Linette, Magda",169,494
sr:competitor:422955,"Sanchez, Luca",67,1231
sr:competitor:43102,"Babos, Timea",45,2078
sr:competitor:431697,"Torres, Tiago",321,210
sr:competitor:431743,"Okutoyi, Angella",177,476
sr:competitor:433906,"Couto Loureiro, Joao Victor",283,242
sr:competitor:434058,"Boscardin Dias, Pedro",443,123
sr:competitor:43547,"Aoyama, Shuko",23,3076
sr:competitor:435794,"Zolotareva, Anastasia",181,465
sr:competitor:43761,"Collarini, Andrea",291,230
sr:competitor:437794,"Heinonen, Adam",115,744
sr:competitor:43860,"Dabrowski, Gabriela",5,6835
sr:competitor:439480,"Pecak, Stepan",444,123
sr:competitor:441576,"De la Fuente, Santiago",359,178
sr:competitor:443702,"Burruchaga, Roman Andres",208,347
sr:competitor:445313,"Sharma, Atharva",377,160
sr:competitor:445421,"Selekhmeteva, Oksana",261,311
sr:competitor:44553,"Herbert, Pierre-Hugues",30,2440
sr:competitor:44637,"Rodriguez, Cristian",228,315
sr:competitor:447703,"Sato, Hikaru",292,272
sr:competitor:447733,"Hands, Tom",172,453
sr:competitor:447759,"Katsumi, Nanari",470,151
sr:competitor:448081,"Noha Akugue, Noma",323,238
sr:competitor:448093,"Martynov, Diana",481,148
sr:competitor:448121,"Rogers, Anna",89,963
sr:competitor:448123,"Broadus, Savannah",163,514
sr:competitor:44834,"Pegula, Jessica",86,989
sr:competitor:44977,"Santamaria, Sabrina",99,887
sr:competitor:450331,"Granwehr, Alina",482,148
sr:competitor:450343,"Hussey, Giles",364,171
sr:competitor:450383,"Harper, Cleeve",145,620
sr:competitor:45105,"Behar, Ariel",92,925
sr:competitor:45139,"Papamichail, Despina",199,417
sr:competitor:452787,"Kumar, Pranav",257,273
sr:competitor:453301,"Jorge, Matilde",104,837
sr:competitor:45545,"Putintseva, Yulia",351,215
sr:competitor:457059,"Montes-de la Torre, Inaki",492,113
sr:competitor:457167,"Becroft, Isaac",412,138
sr:competitor:45827,"Lechemia, Elixane",188,444
sr:competitor:45835,"Hunter, Storm",17,3546
sr:competitor:458575,"Agostini, Simone",451,121
sr:competitor:45915,"Yang, Zhaoxuan",75,1253
sr:competitor:459317,"Nugroho, Priska Madelyn",224,371
sr:competitor:460837,"Tjen, Janice",42,2180
sr:competitor:46084,"Melichar-Martinez, Nicole",9,4760
sr:competitor:461029,"Andaloro, Fabrizio",495,112
sr:competitor:46259,"Neuchrist, Maximilian",186,423
sr:competitor:46391,"Struff, Jan-Lennard",213,340
sr:competitor:46428,"Maleckova, Jesika",55,1714
sr:competitor:46625,"Raina, Ankita",160,523
sr:competitor:467037,"Kudermetova, Polina",444,163
sr:competitor:47295,"Andreozzi, Guido",14,4060
sr:competitor:473609,"Kubka, Martyna",128,671
sr:competitor:473937,"Reasco Gonzalez, Mell Elizabeth",218,376
sr:competitor:476218,"Kawaguchi, Natsumi",249,330
sr:competitor:47697,"Zheng, Saisai",237,350
sr:competitor:47764,"Broady, Liam",493,112
sr:competitor:47801,"Eikeri, Ulrikke",41,2245
sr:competitor:47810,"Khromacheva, Irina",58,1662
sr:competitor:47876,"Shinikova, Isabella",339,226
sr:competitor:47966,"Olivetti, Albano",19,3290
sr:competitor:47975,"Hanfmann, Yannick",276,250
sr:competitor:48055,"Hsieh, Cheng-Peng",320,211
sr:competitor:48225,"Dutra Da Silva, Daniel",268,258
sr:competitor:48451,"Cavalle-Reimers, Yvonne",97,899
sr:competitor:48459,"Vervoort, Mark",397,149
sr:competitor:48486,"Gorgodze, Ekaterine",96,910
sr:competitor:48625,"Chan, Hao-Ching",40,2291
sr:competitor:48646,"Barrientos, Nicolas",96,884
sr:competitor:49118,"Harrison, Catherine",119,721
sr:competitor:49306,"Reyes-Varela, Miguel Angel",76,1122
sr:competitor:49363,"Pavic, Mate",9,5650
sr:competitor:49417,"Tu, Li",249,284
sr:competitor:494296,"Steur, Joelle Lilly Sophie",223,372
sr:competitor:494844,"Binda, Alexander",341,190
sr:competitor:496316,"Gimbrere, Jasmijn",254,327
sr:competitor:496346,"Stricker, Dominic",478,115
sr:competitor:496378,"Yamazaki, Ikumi",279,285
sr:competitor:49682,"Kichenok, Nadiia",82,1096
sr:competitor:497320,"Visker, Niels",152,536
sr:competitor:498580,"Aboian, Valerio",365,170
sr:competitor:499484,"Montgomery, Robin",64,1422
sr:competitor:50148,"Puttergill, Calum",159,497
sr:competitor:501894,"Vidmanova, Darja",333,229
sr:competitor:504238,"Sierra, Solana",291,272
sr:competitor:50537,"Schuurs, Demi",25,3035
sr:competitor:505542,"Grevelius, Erik",117,733
sr:competitor:505550,"Arnaldi, Matteo",352,180
sr:competitor:505576,"Zaparyniuk, Anastasiya",488,146
sr:competitor:505580,"Sahdiieva, Anita",262,311
sr:competitor:505974,"Nguyen Tan, Lucie",282,283
sr:competitor:505998,"Zamarripa, Maribella",429,169
sr:competitor:50655,"Friedsam, Anna-Lena",325,237
sr:competitor:506786,"Zamarripa, Allura",115,759
sr:competitor:508496,"Wiskandt, Max",457,120
sr:competitor:50915,"Plipuech, Peangtarn",93,924
sr:competitor:510530,"Abe, Hiromi",294,271
sr:competitor:51100,"Roca Batalla, Oriol",333,196
sr:competitor:51345,"Damm Jr, Martin",370,166
sr:competitor:51354,"Liu, Min",479,149
sr:competitor:513582,"Chaudhari, Vaidehi",427,170
sr:competitor:513666,"Stevens, Amy",416,177
sr:competitor:51387,"Townsend, Taylor",2,9545
sr:competitor:51481,"Sutjiadi, Aldila",19,3278
sr:competitor:515432,"Ruggeri, Jennifer",421,174
sr:competitor:515478,"Sakellaridis, Stefanos",361,175
sr:competitor:515498,"Rodrigues, Natan",290,231
sr:competitor:515510,"Heide, Gustavo",240,293
sr:competitor:515530,"Gomez Pezuela Cano, Marian",332,229
sr:competitor:51651,"Rosatello, Camilla",353,213
sr:competitor:517006,"Martinez Vaquero, Maria",374,203
sr:competitor:517274,"Rajecki, Amelia",138,624
sr:competitor:51836,"Arevalo, Marcelo",8,5650
sr:competitor:518742,"Westphal, Max",372,162
sr:competitor:518748,"Rey Garcia, Alba",359,210
sr:competitor:518802,"Cigarran, Thiago",425,133
sr:competitor:518838,"Yang, Ya Yi",483,148
sr:competitor:51943,"Strakhova, Valeriya",90,951
sr:competitor:51969,"Guarachi, Alexa",404,185
sr:competitor:52025,"Wang, Yafan",308,251
sr:competitor:52065,"Harrison, Christian",4,6050
sr:competitor:52183,"Bara, Irina Maria",158,537
sr:competitor:52202,"Nys, Hugo",27,2570
sr:competitor:52244,"Balaji, N. Sriram",51,1621
sr:competitor:52260,"Vega Hernandez, David",165,488
sr:competitor:52263,"Hidalgo, Diego",98,858
sr:competitor:52273,"Brady, Jennifer",335,228
sr:competitor:52293,"Putz, Tim",10,5400
sr:competitor:52533,"Jakupovic, Dalila",84,1066
sr:competitor:52695,"Moratelli, Angelica",120,720
sr:competitor:529399,"Papa, Christopher",241,293
sr:competitor:52951,"Pel, David",49,1625
sr:competitor:530317,"Rincon, Daniel",413,137
sr:competitor:53288,"Silva, Eden",182,464
sr:competitor:534031,"Mitsui, Shunsuke",431,129
sr:competitor:534043,"Darderi, Luciano",147,585
sr:competitor:534045,"Gibson, Talia",83,1084
sr:competitor:53483,"Masur, Daniel",191,383
sr:competitor:535801,"Schunk, Nastasja",448,162
sr:competitor:53759,"Prashanth, Vijay Sundar",201,362
sr:competitor:53785,"Skupski, Neal",3,6890
sr:competitor:53789,"Dart, Harriet",80,1120
sr:competitor:538457,"Chopra, Keshav",306,221
sr:competitor:540211,"Burdet, Adrien",429,130
sr:competitor:54609,"Arias, Boris",148,571
sr:competitor:548169,"Yuzuki, Takeru",168,472
sr:competitor:54975,"Casanova, Hernan",325,202
sr:competitor:549759,"Krueger, Ashlyn",67,1395
sr:competitor:54983,"Morderger, Tayisiya",395,190
sr:competitor:55293,"Sabanov, Ivan",254,275
sr:competitor:55745,"Negritu, Christoph",265,266
sr:competitor:55793,"Chiesa, Deborah",284,280
sr:competitor:55989,"Withrow, Jackson",87,972
sr:competitor:564952,"Kusuhara, Yusuke",286,239
sr:competitor:565070,"Monday, Johannus",400,145
sr:competitor:56629,"Peers, John",69,1217
sr:competitor:567285,"Hietaranta, Laura",255,327
sr:competitor:567551,"Cabezas Dominguez, Sofia Elena",265,309
sr:competitor:568103,"Tran, Demi",310,251
sr:competitor:568715,"Semenistaja, Darja",196,422
sr:competitor:57163,"Zverev, Alexander",110,770
sr:competitor:577523,"Brantmeier, Reese",447,162
sr:competitor:580165,"Johansson, Oliver",385,155
sr:competitor:586741,"Berecoechea, Nahia",386,196
sr:competitor:588071,"Shnaider, Diana",24,3043
sr:competitor:588081,"Siniakov, Daniel",193,377
sr:competitor:58877,"Ramanathan, Ramkumar",175,447
sr:competitor:58989,"Sabanov, Matej",262,269
sr:competitor:59131,"Glasspool, Lloyd",15,3970
sr:competitor:59213,"Perez Garcia, Maria Paulina",439,165
sr:competitor:59324,"Pavlasek, Adam",37,2245
sr:competitor:59662,"Sanchez, Ana Sofia",402,186
sr:competitor:59700,"Isaro, Pruchya",105,820
sr:competitor:59702,"Haddad Maia, Beatriz",320,240
sr:competitor:59762,"Barnett, Alicia",155,549
sr:competitor:60028,"Zeballos Melgar, Noelia",463,153
sr:competitor:603420,"Martin, Andres",410,138
sr:competitor:60392,"Sorribes Tormo, Sara",109,817
sr:competitor:60398,"Krejcikova, Barbora",239,348
sr:competitor:604242,"Dang, Yiming",187,447
sr:competitor:604344,"Buse, Ignacio",417,135
sr:competitor:604388,"Tararudee, Lanlana",500,141
sr:competitor:605854,"Maxted, Lui",409,139
sr:competitor:60614,"Poljak, David",125,699
sr:competitor:60668,"Ninomiya, Makoto",66,1414
sr:competitor:609146,"Okonkwo, Oliver",402,145
sr:competitor:60920,"Nedunchezhiyan, Jeevan",263,269
sr:competitor:614090,"Pieczonka, Filip",85,1001
sr:competitor:61526,"Thombare, Prarthana",251,328
sr:competitor:61922,"Drazic, Mariana",367,206
sr:competitor:620340,"Korokozidi, Elena",465,152
sr:competitor:622736,"Vasa, Iiro",471,117
sr:competitor:622876,"Vallejo, Adolfo Daniel",490,113
sr:competitor:62410,"Johnson, Luke",46,1750
sr:competitor:624838,"Shi, Han",248,330
sr:competitor:627274,"Pel, Stijn",469,118
sr:competitor:627278,"Eala, Alexandra",127,671
sr:competitor:627510,"Im, Heerae",417,177
sr:competitor:628034,"Kittay, Benjamin",100,855
sr:competitor:628178,"Brooks, Madeleine",125,681
sr:competitor:628190,"Sobolieva, Anastasiia",487,146
sr:competitor:628218,"Karol, Milos",131,657
sr:competitor:628226,"Jans, Jarno",143,629
sr:competitor:62924,"Boulter, Katie",496,142
sr:competitor:63220,"Ponchet, Jessika",207,397
sr:competitor:63238,"Morderger, Yana",395,190
sr:competitor:63438,"McDonald, Mackenzie",407,140
sr:competitor:63446,"Jung, Jason",194,377
sr:competitor:635386,"Popovic, Stefan",270,253
sr:competitor:63606,"Rinderknech, Arthur",113,750
sr:competitor:63682,"Lazaro Garcia, Andrea",472,149
sr:competitor:637610,"Overbeck, Carl Emil",331,198
sr:competitor:637970,"Patten, Henry",1,10540
sr:competitor:64021,"Krawczyk, Desirae",33,2427
sr:competitor:64085,"Pigossi, Laura",92,933
sr:competitor:64315,"Kuwata, Hiroko",161,519
sr:competitor:644676,"Milev, Yanaki",439,126
sr:competitor:64496,"Ostapenko, Jelena",12,4485
sr:competitor:645442,"Genov, Anthony",187,417
sr:competitor:645452,"Nesterov, Pyotr",487,114
sr:competitor:64920,"Myneni, Saketh",293,229
sr:competitor:652290,"Ambrogi, Luciano Emanuel",488,114
sr:competitor:654133,"Perego, Giulio",472,117
sr:competitor:65576,"Sakamoto, Pedro",466,118
sr:competitor:65610,"Wagner, Anita",309,251
sr:competitor:658439,"Khomutsianskaya, Darya",348,218
sr:competitor:660427,"Milavsky, Daniel",166,482
sr:competitor:66086,"Kicker, Nicolas",264,267
sr:competitor:662115,"Pawlak, Piotr",445,123
sr:competitor:662257,"Havlickova, Lucie",106,826
sr:competitor:662615,"Salkova, Dominika",141,617
sr:competitor:66432,"Kato, Miyu (1994)",32,2459
sr:competitor:66516,"Ayukawa, Mana",201,413
sr:competitor:66864,"Arends, Sander",48,1665
sr:competitor:668903,"Falck, Reece",382,157
sr:competitor:66968,"Kudermetova, Veronika",65,1420
sr:competitor:673491,"Szabo, Briana",270,301
sr:competitor:673521,"Vogt, Marie",457,157
sr:competitor:67430,"Cascino, Estelle",98,895
sr:competitor:675175,"McCabe, James",347,180
sr:competitor:675189,"Preston, Taylah",322,238
sr:competitor:675193,"Costoulas, Sofia",195,426
sr:competitor:676251,"Wuerth, Tara",361,209
sr:competitor:677411,"Barrera Aguirre, Isabella",350,217
sr:competitor:67759,"Alexandrova, Ekaterina",57,1714
sr:competitor:679319,"Stoiana, Mary",253,327
sr:competitor:679481,"Hopper, James",406,142
sr:competitor:679485,"Tse, Elyse",344,221
sr:competitor:682903,"Nakagawa, Shunsuke",298,226
sr:competitor:682911,"Faria, Jaime",452,120
sr:competitor:682913,"Rocha, Henrique",393,150
sr:competitor:685379,"Ostapenkov, Daniil",295,229
sr:competitor:686709,"Simakin, Ilia",389,151
sr:competitor:686911,"Poljicak, Mili",173,451
sr:competitor:69208,"Paolini, Jasmine",26,3011
sr:competitor:69362,"Mansouri, Skander",273,252
sr:competitor:69602,"Lumsden, Maia",38,2341
sr:competitor:69718,"Danilina, Anna",6,6675
sr:competitor:69988,"Korpatsch, Tamara",136,638
sr:competitor:70348,"Goransson, Andre",29,2460
sr:competitor:70728,"Bhosale, Rutuja",122,705
sr:competitor:70784,"Hozumi, Eri",62,1540
sr:competitor:70822,"Morisaki, Kanako",229,364
sr:competitor:71034,"Sramkova, Rebecca",173,486
sr:competitor:71250,"Frech, Magdalena",244,335
sr:competitor:71280,"Kokkinakis, Thanasi",116,740
sr:competitor:71284,"Bains, Naiktha",393,191
sr:competitor:71754,"Martins, Ingrid",132,649
sr:competitor:720627,"Senic, Natalija",345,221
sr:competitor:722431,"Mikrut, Luka",315,217
sr:competitor:722877,"Ciric-Bagaric, Lucija",107,826
sr:competitor:723013,"Pokorny, Lukas",272,252
sr:competitor:72376,"Siniakova, Katerina",1,11350
sr:competitor:72420,"Merino, Alexander",219,332
sr:competitor:72758,"Cristian, Jaqueline",118,723
sr:competitor:728507,"Dudeney, Alicia",202,410
sr:competitor:728549,"Valentova, Tereza",227,367
sr:competitor:731427,"Micic, Elena",157,545
sr:competitor:731441,"Vargova, Nina",221,373
sr:competitor:731833,"Kielan, Szymon",160,496
sr:competitor:733153,"Cook, Ethan",253,278
sr:competitor:73542,"Gleason, Quinn",36,2375
sr:competitor:73572,"Zormann, Marcelo",142,629
sr:competitor:739643,"Loof, Thijmen",140,631
sr:competitor:739667,"Pedone, Giorgia",399,187
sr:competitor:739687,"van Sambeek, Fons",486,114
sr:competitor:74173,"Salisbury, Joe",36,2260
sr:competitor:743423,"Cirotte, Astrid",419,175
sr:competitor:745799,"Urgesi, Federica",247,331
sr:competitor:74949,"Routliffe, Erin",30,2886
sr:competitor:750327,"Iatcenko, Polina",258,321
sr:competitor:750329,"Candiotto, Ana",235,354
sr:competitor:759758,"Sakellaridis, Dimitris",404,144
sr:competitor:761136,"Basel, Valentin",232,312
sr:competitor:76263,"Matos, Rafael",18,3735
sr:competitor:762764,"Daems, Josy",397,190
sr:competitor:763106,"Barton, Hynek",316,217
sr:competitor:76361,"Kadhe, Arjun",130,658
sr:competitor:768772,"Bar Biryukov, Petr",236,301
sr:competitor:77011,"Martos Gornes, Sergio",134,642
sr:competitor:770242,"Basiletti, Noemi",467,151
sr:competitor:771430,"Naef, Celine",424,173
sr:competitor:77223,"Martinez, Pedro",418,135
sr:competitor:77501,"Wehnelt, Kai",199,366
sr:competitor:776340,"Joint, Maya",31,2702
sr:competitor:77653,"Cornea, Victor Vlad",167,480
sr:competitor:777872,"Bartashevich, Yara",329,234
sr:competitor:780650,"Duran, Tuncay",491,113
sr:competitor:783792,"Kabbaj, Yasmine",401,186
sr:competitor:78387,"Hach Verdugo, Hans",308,220
sr:competitor:784280,"Prozorova, Tatiana",283,280
sr:competitor:78551,"Mertens, Elise",8,5423
sr:competitor:785974,"La Serna, Juan Manuel",463,119
sr:competitor:786086,"Arystanbekova, Asylzhan",477,149
sr:competitor:786310,"Moyano, Luciana",301,260
sr:competitor:78785,"Rodriguez, Victoria",342,224
sr:competitor:78793,"Miedler, Lucas",24,2650
sr:competitor:788274,"Rokusek, Sarah",495,143
sr:competitor:789688,"Ngounoue, Clervie",338,226
sr:competitor:790640,"Marcinko, Petra",489,144
sr:competitor:79223,"Delaney, Jake",146,586
sr:competitor:79227,"Sinclair, Colin",465,119
sr:competitor:79443,"Cabrera, Lizette",415,177
sr:competitor:797346,"Zelinskaya, Daria",390,193
sr:competitor:799304,"Pridankina, Elena",71,1282
sr:competitor:799662,"Lincer, Olivia",289,276
sr:competitor:801414,"Vandewinkel, Hanne",343,221
sr:competitor:801420,"Fontenel, Chelsea",425,173
sr:competitor:80427,"Osborne, Alexandra",140,622
sr:competitor:805538,"Cross, Kayla",150,572
sr:competitor:80665,"Polmans, Marc",21,3070
sr:competitor:80723,"Herazo Gonzalez, Maria Fernanda",486,147
sr:competitor:807358,"Rakotomanga Rajaonah, Tiantsoa Sarah",210,390
sr:competitor:808628,"Shelton, Ben",124,700
sr:competitor:809322,"Shick, Braden",266,265
sr:competitor:809324,"Pacheco Mendez, Rodrigo",150,565
sr:competitor:81059,"Gille, Sander",57,1430
sr:competitor:812360,"Sueoka, Yamato",319,212
sr:competitor:812476,"Zaytseva, Ksenia",208,392
sr:competitor:812502,"Xu, Mingge",366,207
sr:competitor:812862,"Homberg, Maximilian",434,128
sr:competitor:813176,"Mboko, Victoria",121,712
sr:competitor:81763,"Jacq, Gregoire",381,157
sr:competitor:82133,"Dellien, Murkel",284,241
sr:competitor:82157,"Marcondes, Igor",225,321
sr:competitor:822192,"Poulsen, Oskar Brostrom",190,399
sr:competitor:822586,"Munk Mortensen, Rebecca",499,142
sr:competitor:82579,"Uchida, Kaichi",378,159
sr:competitor:82609,"Grammatikopoulou, Valentini",493,143
sr:competitor:827398,"Stankovic, Anja",346,219
sr:competitor:831262,"Yamalapalli, Sahaja",315,245
sr:competitor:83263,"Santillan, Akira",366,170
sr:competitor:833336,"Bertea, Elena Ruxandra",327,236
sr:competitor:833418,"Del Pino, Mateo",335,196
sr:competitor:833442,"Schiessl, Joao Eduardo",388,151
sr:competitor:835864,"Podrez, Veronika",357,210
sr:competitor:836764,"Lim, Jenny",426,171
sr:competitor:838776,"Tracy, James",43,1845
sr:competitor:840614,"Nagel, Arthur",323,206
sr:competitor:842594,"Li, Zongyu",189,443
sr:competitor:844726,"Bozemoj, Brian",483,115
sr:competitor:844730,"Estevez, Juan",467,118
sr:competitor:845268,"Korneeva, Alina",303,255
sr:competitor:84659,"Recek, Dominik",200,363
sr:competitor:84671,"Britto, Luis",258,273
sr:competitor:85077,"Muchova, Karolina",168,499
sr:competitor:853643,"Romano, Filippo",164,489
sr:competitor:853745,"Vergara Rivera, Antonia",498,142
sr:competitor:855911,"Hrazdil, Jan",489,114
sr:competitor:857871,"de Stefano, Samira",380,199
sr:competitor:858079,"Bulatova, Arina",451,162
sr:competitor:85877,"Villanueva, Gonzalo",285,240
sr:competitor:858867,"Pace, Francesca",278,285
sr:competitor:861535,"Valle, Federico",498,111
sr:competitor:861587,"Ansari, Carolyn",492,143
sr:competitor:863319,"Fonseca, Joao",104,825
sr:competitor:866247,"Ratti, Lucio",248,285
sr:competitor:867605,"Black, Brooke Anna",432,167
sr:competitor:868599,"McDonald, Ella",269,302
sr:competitor:86894,"Shinde, Vasanti",328,236
sr:competitor:87090,"Chong, Eudice",59,1662
sr:competitor:870927,"Alvarez Valdes, Luis Carlos",408,139
sr:competitor:870979,"Kinoshita, Hayu",296,269
sr:competitor:870981,"Li, Yu-Yun",145,601
sr:competitor:870983,"Saito, Sara",230,360
sr:competitor:871495,"Michelsen, Alex",126,690
sr:competitor:871583,"Andreeva, Mirra",44,2123
sr:competitor:873679,"Bondioli, Federico",329,201
sr:competitor:875507,"Voloshchuk, Angelina",392,192
sr:competitor:87834,"Hon, Priscilla",164,511
sr:competitor:880089,"Pereira, Tiago",121,725
sr:competitor:880229,"Cayetano, Eryn",186,452
sr:competitor:882091,"Valdmannova, Vendula",144,609
sr:competitor:883695,"Maric, Marko",461,120
sr:competitor:88494,"Christie, Freya",142,615
sr:competitor:889135,"Yodpetch, Kamonwan",484,148
sr:competitor:88992,"Muller, Alexandre",418,135
sr:competitor:890199,"Dencheva, Rositsa",215,384
sr:competitor:898261,"Yesypchuk, Daria",443,164
sr:competitor:90080,"Khachanov, Karen",221,330
sr:competitor:90110,"Serdarusic, Nino",93,908
sr:competitor:904005,"Ibragimova, Alevtina",232,359
sr:competitor:904033,"Kumstat, Jan",449,121
sr:competitor:904159,"Mi, Lan",462,154
sr:competitor:904237,"Kim, Eunchae",414,178
sr:competitor:906635,"Shubladze, Alexandra",295,269
sr:competitor:90664,"Kalinina, Anhelina",143,610
sr:competitor:906723,"Tagger, Lilli",293,271
sr:competitor:906831,"Vithoontien, Leo",420,135
sr:competitor:90798,"Halys, Quentin",47,1705
sr:competitor:908687,"Martin Manzano, Juan Cruz",482,115
sr:competitor:908699,"Bilardo, Jacopo",337,194
sr:competitor:909001,"Zamora, Noah",421,134
sr:competitor:914135,"Jovic, Iva",70,1309
sr:competitor:915371,"van Den Broek, Isis Louise",383,197
sr:competitor:915635,"Zhiyenbayeva, Sonja",384,197
sr:competitor:915657,"Hejtmanek, Amelie Justine",436,167
sr:competitor:918463,"Bollipalli, Rithvik Choudary",171,453
sr:competitor:918555,"Zeltina, Beatrise",298,265
sr:competitor:91960,"Kenin, Sofia",69,1317
sr:competitor:920395,"Shah, Aryan",496,111
sr:competitor:925005,"Otzipka, Jana",433,167
sr:competitor:925069,"Dalmasso, Guillaume",405,143
sr:competitor:92667,"Castelnuovo, Luca",484,115
sr:competitor:927343,"Cadenasso, Gianluca",304,222
sr:competitor:927441,"Paganetti, Vittoria",276,291
sr:competitor:92845,"Goldhoff, George",129,665
sr:competitor:92877,"Fossa Huergo, Nicole",72,1268
sr:competitor:92879,"Shymanovich, Iryna",85,1039
sr:competitor:930127,"Klaassen, Stian",454,120
sr:competitor:932867,"Firman, Anastasiia",376,203
sr:competitor:933453,"Brockmann, Tessa Johanna",340,225
sr:competitor:934155,"Forger, Abel",494,112
sr:competitor:936009,"van Emst, Sarah",192,442
sr:competitor:936355,"Wallner, Mark",32,2320
sr:competitor:93657,"Karamoko, Naima",88,976
sr:competitor:938097,"Chan, Duncan",247,285
sr:competitor:938667,"Schwaerzler, Joel",477,115
sr:competitor:94485,"Bonzi, Benjamin",446,122
sr:competitor:947289,"Goto, Reina",354,213
sr:competitor:948061,"Gonzalez Daniele, Justina Maria",438,166
sr:competitor:951223,"Sanchez Quilez, Alejo",317,216
sr:competitor:952887,"Aguilar Cardozo, Joaquin",373,161
sr:competitor:955421,"Stusek, Julia",410,179
sr:competitor:956445,"Mediorreal Arias, Valentina",468,151
sr:competitor:95801,"Vavassori, Andrea",11,5360
sr:competitor:95923,"Paris, Joshua",103,834
sr:competitor:95939,"Whitehouse, Mark",198,369
sr:competitor:960043,"Zolotareva, Rada",358,210
sr:competitor:960137,"Ren, Yufei",460,155
sr:competitor:96075,"Stefani, Luisa",3,7795
sr:competitor:96239,"Durasovic, Viktor",422,134
sr:competitor:965307,"Golovina, Maria",331,231
sr:competitor:965785,"Carpico, Brandon",318,212
sr:competitor:96629,"Duncan, Scott",216,337
sr:competitor:967949,"Adkar, Vaishnavi",316,245
sr:competitor:967951,"Hou, Yanan",469,151
sr:competitor:972259,"Todoni, Cristiana Nicoleta",423,174
sr:competitor:972327,"Jodar, Rafael",350,180
sr:competitor:973963,"Watt, James",78,1096
sr:competitor:978579,"Ghazouani Durand, Yanis",460,120
sr:competitor:978717,"Zeitune, Maximo",396,149
sr:competitor:979575,"Stojsavljevic, Mika",263,310
sr:competitor:98105,"Matoula, Martha",274,293
sr:competitor:98413,"Drzewiecki, Karol",139,637
sr:competitor:98523,"Ye, Qiu Yu",114,759
sr:competitor:98733,"Burillo Escorihuela, Irene",133,648
sr:competitor:98981,"Jecan, Alexandru",132,651
sr:competitor:99043,"Wang, Aoran",242,293
sr:competitor:99131,"Bucsa, Cristina",14,3930
sr:competitor:99377,"Kestelboim, Mariano",99,857
sr:competitor:99405,"Inglis, Maddison",371,205
sr:competitor:99429,"Hule, Petra",409,182
sr:competitor:99587,"Chung, Yun Seong",481,115
sr:competitor:999017,"Senica, Alja",449,162
