name,movement
"Heliovaara, Harri",0
"Patten, Henry",0
"Skupski, Neal",0
"Harrison, Christian",0
"Zeballos, Horacio",0
"Granollers, Marcel",0
"Krawietz, Kevin",0
"Arevalo, Marcelo",0
"Pavic, Mate",0
"Putz, Tim",0
"Vavassori, Andrea",0
"Bolelli, Simone",0
"Guinard, Manuel",0
"Andreozzi, Guido",0
"Glasspool, Lloyd",0
"Cash, Julian",0
"Luz, Orlando",0
"Matos, Rafael",0
"Olivetti, Albano",0
"Arribage, Theo",0
"Polmans, Marc",0
"Krajicek, Austin",0
"Rikl, Patrik",0
"Schnaitter, Jakob",0
"Wallner, Mark",0
"Cabral, Francisco",0
"Pavlasek, Adam",0
"Frantzen, Constantin",0
"Bhambri, Yuki",0
"Pel, David",0
"Kirkov, Vasil",0
"Melo, Marcelo",0
"Verbeek, Sem",0
"Demoliner, Marcelo",0
"Trhac, Patrik",0
"Reymond, Arthur",0
"Kubler, Jason",0
"Reyes-Varela, Miguel Angel",0
"Reynolds, Finn",0
"Watt, James",0
"Smith, John-Patrick",0
"Nam, Ji Sung",0
"Rinderknech, Arthur",0
"Shelton, Ben",0
"Poljak, David",0
"Harper, Cleeve",0
"Ramanathan, Ramkumar",0
"Genov, Anthony",0
"Bass, Finn",0
"Fancutt, Thomas",0
"Forcano Aparicio, Ignasi",0
"Nedunchezhiyan, Jeevan",0
"Shick, Braden",0
"Neos, Eleftherios",0
"Hsieh, Cheng-Peng",0
"Zeuch, Tom",0
"Cigarran, Thiago",0
"Wessels, Louis",0
"Noguchi, Rio",0
"Erel, Yanki",0
"La Serna, Juan Manuel",0
"Shiraishi, Hikaru",0
"Sakamoto, Pedro",0
"Estevez, Juan",0
"Rodriguez, Lorenzo Joaquin",0
"Pel, Stijn",0
"Siniakova, Katerina",0
"Townsend, Taylor",0
"Stefani, Luisa",0
"Krunic, Aleksandra",0
"Dabrowski, Gabriela",0
"Danilina, Anna",0
"Zhang, Shuai",0
"Mertens, Elise",0
"Melichar-Martinez, Nicole",0
"Hsieh, Su-Wei",0
"Mladenovic, Kristina",0
"Ostapenko, Jelena",0
"Errani, Sara",0
"Bucsa, Cristina",0
"Zvonareva, Vera",0
"Guo, Hanyu",0
"Hunter, Storm",0
"Siegemund, Laura",0
"Noskova, Linda",0
"Lumsden, Maia",0
"Bouzkova, Marie",0
"Andreeva, Mirra",0
"Babos, Timea",0
"McNally, Caty",0
"Panova, Alexandra",0
"Samsonova, Liudmila",0
"Piter, Katarzyna",0
"Detiuc, Anastasia",0
"Montgomery, Robin",0
"Kudermetova, Veronika",0
"Ninomiya, Makoto",0
"Krueger, Ashlyn",0
"Siskova, Anna",0
"Kenin, Sofia",0
"Jovic, Iva",0
"Pridankina, Elena",0
"Fossa Huergo, Nicole",0
"Radisic, Nika",0
"Haverlag, Isabelle",0
"Yang, Zhaoxuan",0
"Shibahara, Ena",0
"Wang, Xinyu",0
"Tikhonova, Anastasia",0
"Fernandez, Leylah",0
"Dart, Harriet",0
"Kobori, Momoko",0
"Kichenok, Nadiia",0
"Jakupovic, Dalila",0
"Karamoko, Naima",0
"Webley-Smith, Emily",0
"Abbagnato, Anastasia",0
