country,No_of_competitors
USA,106
"Great Britain",52
France,48
Neutral,47
Italy,45
Japan,45
Australia,42
Argentina,40
Czechia,40
Germany,37
Brazil,36
Spain,35
Netherlands,35
China,33
India,25
Ukraine,19
Mexico,15
"Chinese Taipei",15
Poland,14
Belgium,14
Romania,14
Switzerland,14
Canada,13
Portugal,10
Greece,10
"New Zealand",10
Austria,10
Croatia,10
Serbia,10
Turkiye,9
Slovakia,9
"Republic of Korea",8
Colombia,8
Kazakhstan,8
Hungary,7
Bulgaria,7
Slovenia,7
Sweden,7
Chile,6
Denmark,5
Ecuador,5
Thailand,5
Peru,4
Uruguay,4
Finland,4
Estonia,4
Venezuela,4
Latvia,4
Bolivia,4
Monaco,3
Morocco,3
Indonesia,3
"Bosnia & Herzegovina",2
Tunisia,2
Uzbekistan,2
"Hong Kong, China",2
Philippines,2
Egypt,2
Norway,2
Zimbabwe,1
Lithuania,1
"Antigua and Barbuda",1
Cyprus,1
Burundi,1
"South Africa",1
Israel,1
Ireland,1
Luxembourg,1
Kenya,1
Georgia,1
"El Salvador",1
Paraguay,1
"Northern Mariana Islands",1
