category_name,type,total
IPTL,singles,1
Juniors,singles,8
Juniors,doubles,8
Legends,doubles,8
Legends,mixed_doubles,3
Wheelchairs,singles,8
Wheelchairs,doubles,8
"Hopman Cup",mixed,1
"ITF Women",singles,1014
"ITF Women",doubles,1018
"Wheelchairs Juniors",singles,4
"Wheelchairs Juniors",doubles,4
"United Cup",mixed,1
"UTR Men",singles,304
"UTR Women",singles,254
ATP,singles,109
ATP,doubles,108
ATP,mixed_doubles,6
ATP,mixed,2
WTA,singles,130
WTA,doubles,129
Challenger,singles,533
Challenger,doubles,532
"Billie Jean King Cup",mixed,1
"Davis Cup",mixed,1
"ITF Men",singles,1099
"ITF Men",doubles,1099
Exhibition,singles,27
Exhibition,doubles,8
Exhibition,mixed_doubles,3
"WTA 125K",singles,129
"WTA 125K",doubles,129
