competition_id,competition_name,parent_id
sr:competition:1207,"Championship International Series",ROOT
sr:competition:12229,IPTL,ROOT
sr:competition:15393,"ITF Men San Jose, Costa Rica Men Singles",ROOT
sr:competition:15395,"ITF Men San Jose, Costa Rica Men Doubles",ROOT
sr:competition:2100,"Davis Cup",ROOT
sr:competition:2102,"Billie Jean King Cup",ROOT
sr:competition:21028,"ITF Colombia 02A, Women Singles",ROOT
sr:competition:21228,"ITF Australia 02B, Women Doubles",ROOT
sr:competition:22334,"ITF Uzbekistan 01A, Women Singles",ROOT
sr:competition:22763,"ITF Tunisia 39A, Women Doubles",ROOT
sr:competition:22787,"ITF Egypt F38, Men Doubles",ROOT
sr:competition:22959,"ITF USA 17A, Women Singles",ROOT
sr:competition:22997,"ITF Bosnia & Herzegovina 01A, Women Doubles",ROOT
sr:competition:29204,"ITF Mexico F13, Men Singles",ROOT
sr:competition:29206,"ITF Mexico F13, Men Doubles",ROOT
sr:competition:29386,"ITF Mexico 17A, Women Singles",ROOT
sr:competition:31137,"ITF Mexico F30, Men Singles",ROOT
sr:competition:31139,"ITF Mexico F30, Men Doubles",ROOT
sr:competition:31263,"ATP Cup",ROOT
sr:competition:31481,NIU,ROOT
sr:competition:32469,"UTR Pro Match Series Men Singles",ROOT
sr:competition:32557,"LiveScore Cup, Women",ROOT
sr:competition:32683,"Battle of the Brits, Men Doubles",ROOT
sr:competition:32685,"Battle of the Brits, Men Singles",ROOT
sr:competition:33007,"WTA 125K Prague, Czech Republic",ROOT
sr:competition:33009,"WTA 125K Prague, Czech Republic Doubles",ROOT
sr:competition:33107,"ITF France 31A, Women Singles",ROOT
sr:competition:33109,"ITF France 31A, Women Doubles",ROOT
sr:competition:35697,"ITF Colombia F7, Men Doubles",ROOT
sr:competition:37671,"ITF Sweden 09A, Women Doubles",ROOT
sr:competition:37933,"ITF Sweden F9, Men Doubles",ROOT
sr:competition:38335,"ITF USA 53A, Women Singles",ROOT
sr:competition:38341,"United Cup",ROOT
sr:competition:38755,"ITF Tunisia F61 Men Singles",ROOT
sr:competition:44567,"Riyadh Exhibition",ROOT
sr:competition:45133,"ITF Tunisia 59A, Women Singles",ROOT
sr:competition:45345,"UTR Boca Raton W05",ROOT
sr:competition:45347,"UTR Newport Beach W03",ROOT
sr:competition:45349,"UTR Olomouc W01",ROOT
sr:competition:45357,"UTR Norman M01",ROOT
sr:competition:45359,"UTR Los Angeles M01",ROOT
sr:competition:45361,"UTR Cornella de Llobregat M01",ROOT
sr:competition:45363,"UTR Boca Raton W01",ROOT
sr:competition:45365,"UTR Norman W01",ROOT
sr:competition:45367,"UTR Newport Beach W01",ROOT
sr:competition:45391,"UTR Olomouc M01",ROOT
sr:competition:45427,"UTR Baton Rouge M01",ROOT
sr:competition:45431,"UTR Tucson M01",ROOT
sr:competition:45437,"UTR Noda M01",ROOT
sr:competition:45471,"UTR Winston-Salem M01",ROOT
sr:competition:45473,"UTR Cornella de Llobregat M02",ROOT
sr:competition:45475,"UTR Baton Rogue W01",ROOT
sr:competition:45477,"UTR Noda W01",ROOT
sr:competition:45479,"Winston-Salem W01",ROOT
sr:competition:45481,"UTR Newport Beach W02",ROOT
sr:competition:45483,"UTR Cornella de Llobregat W01",ROOT
sr:competition:45493,"UTR Boca Raton M01",ROOT
sr:competition:45495,"UTR Noda M02",ROOT
sr:competition:45497,"UTR Blagoevgrad M01",ROOT
sr:competition:45499,"UTR Newport Beach M01",ROOT
sr:competition:45501,"UTR Cornella de Llobregat W02",ROOT
sr:competition:45505,"UTR Bonita Springs W01",ROOT
sr:competition:45595,"UTR Noda W02",ROOT
sr:competition:45635,"UTR Olomouc M02",ROOT
sr:competition:45637,"UTR Alvor M01",ROOT
sr:competition:45639,"UTR Boca Raton M02",ROOT
sr:competition:45643,"UTR Bloomington M01",ROOT
sr:competition:45651,"UTR Dubai W01",ROOT
sr:competition:45657,"UTR Blagoevgrad W01",ROOT
sr:competition:45659,"UTR Boca Raton W02",ROOT
sr:competition:45661,"UTR Newport Beach W04",ROOT
sr:competition:45747,"UTR Yokohama M01",ROOT
sr:competition:45753,"UTR Gyor M01",ROOT
sr:competition:45755,"UTR Alvor M02",ROOT
sr:competition:45757,"UTR Newport Beach M02",ROOT
sr:competition:45761,"UTR Yokohama W01",ROOT
sr:competition:45763,"UTR Dubai W02",ROOT
sr:competition:45835,"UTR Yokohama M02",ROOT
sr:competition:45837,"UTR Dubai M01",ROOT
sr:competition:45839,"UTR Blagoevgrad M02",ROOT
sr:competition:45841,"UTR Cornella de Llobregat M03",ROOT
sr:competition:45843,"UTR Berkeley M01",ROOT
sr:competition:45845,"UTR Yokohama W02",ROOT
sr:competition:45847,"UTR Cornella de Llobregat W03",ROOT
sr:competition:45849,"UTR Pancevo W01",ROOT
sr:competition:45889,"UTR Dubai M02",ROOT
sr:competition:45891,"UTR Olomouc M03",ROOT
sr:competition:45893,"UTR Tigre M01",ROOT
sr:competition:45895,"UTR Spring M01",ROOT
sr:competition:45897,"UTR Stockton M01",ROOT
sr:competition:45899,"UTR Spring W01",ROOT
sr:competition:45913,"UTR Bucharest W01",ROOT
sr:competition:45915,"UTR Rungsted Kyst W01",ROOT
sr:competition:45917,"UTR Tigre W01",ROOT
sr:competition:45959,"UTR Kawaguchi M01",ROOT
sr:competition:45961,"UTR Bucharest M01",ROOT
sr:competition:45963,"UTR Tigre M02",ROOT
sr:competition:45965,"UTR Kawaguchi W01",ROOT
sr:competition:45967,"UTR Olomouc W02",ROOT
sr:competition:45969,"UTR Tigre W02",ROOT
sr:competition:45971,"UTR Boca Raton W03",ROOT
sr:competition:45973,"UTR Newport Beach W05",ROOT
sr:competition:46017,"UTR Cardiff M01",ROOT
sr:competition:46019,"UTR Zadar M01",ROOT
sr:competition:46021,"UTR Boca Raton M03",ROOT
sr:competition:46023,"UTR Newport Beach M03",ROOT
sr:competition:46025,"UTR Lincoln M01",ROOT
sr:competition:46027,"UTR Cardiff W01",ROOT
sr:competition:46029,"UTR Lawrenceville W01",ROOT
sr:competition:46031,"UTR Dubai W03",ROOT
sr:competition:46033,"UTR Zadar W01",ROOT
sr:competition:46123,"UTR PTT Yokohama Men 03",ROOT
sr:competition:46125,"UTR Blagoevgrad M03",ROOT
sr:competition:46127,"UTR Lawrenceville M01",ROOT
sr:competition:46129,"UTR Yokohama W03",ROOT
sr:competition:46131,"UTR Dubai W04",ROOT
sr:competition:46135,"UTR Cornella de Llobregat W04",ROOT
sr:competition:46137,"UTR Zadar W02",ROOT
sr:competition:46139,"UTR Newport Beach W06",ROOT
sr:competition:46197,"UTR Yokohama M04",ROOT
sr:competition:46199,"UTR Dubai M03",ROOT
sr:competition:46201,"UTR Gyor M02",ROOT
sr:competition:46203,"UTR Newport Beach M04",ROOT
sr:competition:46205,"UTR Yokohama W04",ROOT
sr:competition:46209,"UTR Olomouc W03",ROOT
sr:competition:46213,"UTR Boca Raton W04",ROOT
sr:competition:46241,"UTR Dubai M04",ROOT
sr:competition:46243,"UTR Olomouc M04",ROOT
sr:competition:46245,"UTR Lawrenceville M02",ROOT
sr:competition:46247,"UTR Manzanillo M01",ROOT
sr:competition:46249,"UTR Gyor W01",ROOT
sr:competition:46251,"UTR Newport Beach W07",ROOT
sr:competition:46253,"UTR Manzanillo W01",ROOT
sr:competition:46315,"UTR Sanmin District M01",ROOT
sr:competition:46317,"UTR Zadar M02",ROOT
sr:competition:46319,"UTR Boca Raton M04",ROOT
sr:competition:46321,"UTR Manzanillo M02",ROOT
sr:competition:46323,"UTR Roseto degli Abruzzi W01",ROOT
sr:competition:46325,"UTR Sanmin District W01",ROOT
sr:competition:46327,"UTR Zadar W03",ROOT
sr:competition:46329,"UTR Manzanillo W02",ROOT
sr:competition:46411,"UTR Craigieburn M01",ROOT
sr:competition:46413,"UTR Belgrade M01",ROOT
sr:competition:46415,"UTR Alvor M03",ROOT
sr:competition:46417,"UTR Cordoba M01",ROOT
sr:competition:46419,"UTR Craigieburn W01",ROOT
sr:competition:46421,"UTR Belgrade W01",ROOT
sr:competition:46423,"UTR Alvor W01",ROOT
sr:competition:46425,"UTR Cordoba W01",ROOT
sr:competition:46427,"UTR Boca Raton W06",ROOT
sr:competition:46429,"UTR Newport Beach W08",ROOT
sr:competition:46589,"UTR Craigieburn M02",ROOT
sr:competition:46591,"UTR Belgrade M02",ROOT
sr:competition:46593,"UTR Carvoeiro M01",ROOT
sr:competition:46595,"UTR Newport Beach M05",ROOT
sr:competition:46597,"UTR Cordoba M02",ROOT
sr:competition:46599,"UTR Spring M02",ROOT
sr:competition:46603,"UTR Craigieburn W02",ROOT
sr:competition:46609,"UTR Belgrade W02",ROOT
sr:competition:46611,"UTR Carvoeiro W01",ROOT
sr:competition:46677,"UTR Lawrenceville M03",ROOT
sr:competition:46679,"UTR Gyor M03",ROOT
sr:competition:46681,"UTR Loughborough M01",ROOT
sr:competition:46693,"UTR Lawrenceville W02",ROOT
sr:competition:46697,"UTR Gyor W02",ROOT
sr:competition:46699,"UTR Loughborough W01",ROOT
sr:competition:46701,"UTR Newport Beach W09",ROOT
sr:competition:46726,"UTR Kawaguchi M02",ROOT
sr:competition:46728,"UTR Manzanillo M03",ROOT
sr:competition:46730,"UTR College Station M01",ROOT
sr:competition:46732,"UTR Kawaguchi W02",ROOT
sr:competition:46734,"UTR Bucharest W02",ROOT
sr:competition:46789,"UTR Kawaguchi M03",ROOT
sr:competition:46791,"UTR Bucharest M02",ROOT
sr:competition:46793,"UTR Maria Lanzendorf M01",ROOT
sr:competition:46795,"UTR Newport Beach M06",ROOT
sr:competition:46797,"UTR Manzanillo M04",ROOT
sr:competition:46799,"UTR Kawaguchi W03",ROOT
sr:competition:46801,"UTR Bucharest W03",ROOT
sr:competition:46823,"UTR Craigieburn M03",ROOT
sr:competition:46825,"UTR Skopje M01",ROOT
sr:competition:46827,"UTR Carvoeiro M02",ROOT
sr:competition:46829,"UTR Boca Raton M05",ROOT
sr:competition:46831,"UTR Stockton M02",ROOT
sr:competition:46835,"UTR Craigieburn W03",ROOT
sr:competition:46837,"UTR Maria Lanzendorf W01",ROOT
sr:competition:46839,"UTR Carvoeiro W02",ROOT
sr:competition:46841,"UTR Stockton W01",ROOT
sr:competition:46889,"UTR Craigieburn M04",ROOT
sr:competition:46891,"UTR Carvoeiro M03",ROOT
sr:competition:46901,"UTR Newport Beach M07",ROOT
sr:competition:46903,"UTR Boca Raton W07",ROOT
sr:competition:46905,"UTR Craigieburn W04",ROOT
sr:competition:46907,"UTR Carvoeiro W03",ROOT
sr:competition:46983,"UTR Boca Raton M06",ROOT
sr:competition:46985,"UTR Urayasu M01",ROOT
sr:competition:46987,"UTR Pazardzhik M01",ROOT
sr:competition:46989,"UTR Budapest M01",ROOT
sr:competition:46991,"UTR Urbana M01",ROOT
sr:competition:46993,"UTR Tuscaloosa M01",ROOT
sr:competition:46995,"UTR Pazardzhik W01",ROOT
sr:competition:46997,"UTR Budapest W01",ROOT
sr:competition:46999,"UTR Urbana W01",ROOT
sr:competition:47067,"UTR Knoxville M01",ROOT
sr:competition:47069,"UTR Los Angeles M02",ROOT
sr:competition:47071,"UTR Lovedale M01",ROOT
sr:competition:47073,"UTR Trnava M01",ROOT
sr:competition:47075,"UTR Denver M01",ROOT
sr:competition:47077,"UTR Los Angeles W01",ROOT
sr:competition:47079,"UTR Lovedale W01",ROOT
sr:competition:47081,"UTR Trnava W01",ROOT
sr:competition:47083,"UTR Knoxville W01",ROOT
sr:competition:47085,"UTR Denver W01",ROOT
sr:competition:47131,"UTR Los Angeles M03",ROOT
sr:competition:47133,"UTR Lovedale M02",ROOT
sr:competition:47135,"UTR Glifada M01",ROOT
sr:competition:47137,"UTR Ahaus M01",ROOT
sr:competition:47139,"UTR Manchester M01",ROOT
sr:competition:47141,"UTR Winston-Salem M02",ROOT
sr:competition:47143,"UTR Los Angeles W02",ROOT
sr:competition:47145,"UTR Lovedale W02",ROOT
sr:competition:47147,"UTR Glifada W01",ROOT
sr:competition:47149,"UTR Ahaus W01",ROOT
sr:competition:47151,"UTR Manchester W01",ROOT
sr:competition:47153,"UTR Winston-Salem W02",ROOT
sr:competition:47205,"UTR PTT Sanmin District Men 02",ROOT
sr:competition:47207,"UTR PTT Bucharest Men 03",ROOT
sr:competition:47209,"UTR PTT Carvoeiro Men 04",ROOT
sr:competition:47211,"UTR PTT Calgary Men 01",ROOT
sr:competition:47213,"UTR PTT Manchester Men 02",ROOT
sr:competition:47215,"UTR PTT Atlanta Men 01",ROOT
sr:competition:47217,"UTR PTT Bucharest Women 04",ROOT
sr:competition:47219,"UTR PTT Carvoeiro Women 04",ROOT
sr:competition:47221,"UTR PTT Manchester Women 02",ROOT
sr:competition:47223,"UTR PTT Sanmin District Women 02",ROOT
sr:competition:47225,"UTR PTT Atlanta Women 01",ROOT
sr:competition:47283,"ATP Challenger Sofia 2, Bulgaria Men Singles",ROOT
sr:competition:47285,"ATP Challenger Sofia 2, Bulgaria Men Doubles",ROOT
sr:competition:47287,"UTR PTT Boca Raton Men 07",ROOT
sr:competition:47289,"UTR PTT Fukui Men 01",ROOT
sr:competition:47291,"UTR PTT Skopje Men 02",ROOT
sr:competition:47293,"UTR PTT Carvoeiro Men 05",ROOT
sr:competition:47295,"UTR PTT Newport Beach Men 08",ROOT
sr:competition:47297,"UTR PTT Calgary Men 02",ROOT
sr:competition:47299,"UTR PTT Knoxville Men 02",ROOT
sr:competition:47301,"UTR PTT Skopje Women 01",ROOT
sr:competition:47303,"UTR PTT Carvoeiro Women 05",ROOT
sr:competition:47305,"UTR PTT Knoxville Women 02",ROOT
sr:competition:47359,"UTR PTT Norman Men 02",ROOT
sr:competition:47361,"UTR PTT Skopje Men 03",ROOT
sr:competition:47363,"UTR PTT Tuscaloosa Men 02",ROOT
sr:competition:47365,"UTR PTT Jacksonville Men 01",ROOT
sr:competition:47367,"UTR PTT Norman Women 02",ROOT
sr:competition:47369,"UTR PTT Skopje Women 02",ROOT
sr:competition:47371,"UTR PTT Newport Beach Women 10",ROOT
sr:competition:47373,"UTR PTT Jacksonville Women 01",ROOT
sr:competition:47395,"UTR PTT Kaohsiung City Men +H 01",ROOT
sr:competition:47397,"UTR PTT Olomouc Men 05",ROOT
sr:competition:47399,"UTR PTT Waco Men 01",ROOT
sr:competition:47401,"UTR PTT Kaohsiung City Women +H 01",ROOT
sr:competition:47403,"UTR PTT Olomouc Women 04",ROOT
sr:competition:47405,"UTR PTT Waco Women 01",ROOT
sr:competition:47441,"UTR PTT Brisbane Men 01",ROOT
sr:competition:47443,"UTR PTT Pazardzhik Men 02",ROOT
sr:competition:47445,"UTR PTT Umag Men 01",ROOT
sr:competition:47447,"UTR PTT Boston Men 01",ROOT
sr:competition:47449,"UTR PTT Newport Beach Men 09",ROOT
sr:competition:47451,"UTR PTT Brisbane Women 01",ROOT
sr:competition:47453,"UTR PTT Pazardzhik Women 02",ROOT
sr:competition:47455,"UTR PTT Stillwater Women 01",ROOT
sr:competition:47552,"UTR PTT Brisbane Men 02",ROOT
sr:competition:47554,"UTR PTT Dusseldorf Men 01",ROOT
sr:competition:47556,"UTR PTT Krakow Men 01",ROOT
sr:competition:47558,"UTR PTT Brisbane Women 02",ROOT
sr:competition:47560,"UTR PTT Dusseldorf Women 01",ROOT
sr:competition:47562,"UTR PTT Krakow Women 01",ROOT
sr:competition:47564,"UTR PTT Boston Women 01",ROOT
sr:competition:47566,"UTR PTT Newport Beach Women 11",ROOT
sr:competition:47692,"UTR PTT Budapest Men 02",ROOT
sr:competition:47694,"UTR PTT Waco Men 02",ROOT
sr:competition:47696,"UTR PTT Newport Beach Men 10",ROOT
sr:competition:47698,"UTR PTT Bali Men 01",ROOT
sr:competition:47700,"UTR PTT Lincoln Men 02",ROOT
sr:competition:47702,"UTR PTT Budapest Women 02",ROOT
sr:competition:47704,"UTR PTT Tokyo Women 01",ROOT
sr:competition:47706,"UTR PTT Waco Women 02",ROOT
sr:competition:47708,"UTR PTT Lincoln Women 01",ROOT
sr:competition:47892,"UTR PTT Budapest Men 03",ROOT
sr:competition:47894,"UTR PTT Monchengladbach Men 01",ROOT
sr:competition:47896,"UTR PTT Lovedale Men 03",ROOT
sr:competition:47898,"UTR PTT College Station Men 02",ROOT
sr:competition:47900,"UTR PTT Los Angeles Men 04",ROOT
sr:competition:47902,"UTR PTT Blacksburg Men 01",ROOT
sr:competition:47906,"UTR PTT Budapest Women 03",ROOT
sr:competition:47908,"UTR PTT Monchengladbach Women 01",ROOT
sr:competition:47910,"UTR PTT Lovedale Women 03",ROOT
sr:competition:47944,"UTR PTT College Station Women 01",ROOT
sr:competition:47946,"UTR PTT Los Angeles Women 03",ROOT
sr:competition:47948,"UTR PTT Blacksburg Women 01",ROOT
sr:competition:48016,"UTR PTT Cordoba Men 03",ROOT
sr:competition:48018,"UTR PTT Athens Men 01",ROOT
sr:competition:48020,"UTR PTT Boise Men 01",ROOT
sr:competition:48024,"UTR PTT Newport Beach Women 12",ROOT
sr:competition:48026,"UTR PTT Athens Women 01",ROOT
sr:competition:48028,"UTR PTT Boise Women 01",ROOT
sr:competition:48030,"UTR PTT Dallas Women 01",ROOT
sr:competition:48076,"UTR PTT Yokohama Men 05",ROOT
sr:competition:48078,"UTR PTT Belgrade Men 03",ROOT
sr:competition:48080,"UTR PTT Norman Men 03",ROOT
sr:competition:48082,"UTR PTT Cordoba Men 04",ROOT
sr:competition:48084,"UTR PTT Charlotte Men 01",ROOT
sr:competition:48086,"UTR PTT San Diego Men 01",ROOT
sr:competition:48088,"UTR PTT Yokohama Women 05",ROOT
sr:competition:48090,"UTR PTT Belgrade Women 03",ROOT
sr:competition:48092,"UTR PTT Norman Women 03",ROOT
sr:competition:48094,"UTR PTT San Diego Women 01",ROOT
sr:competition:48096,"UTR PTT Charlotte Women 01",ROOT
sr:competition:48203,"UTR PTT Yokohama Men 06",ROOT
sr:competition:48205,"UTR PTT Newport Beach Men 11",ROOT
sr:competition:48207,"UTR PTT Athens Men 02",ROOT
sr:competition:48209,"UTR PTT Waco Men 03",ROOT
sr:competition:48223,"UTR PTT Gold Coast Women 01",ROOT
sr:competition:48225,"UTR PTT Budapest Women 04",ROOT
sr:competition:48227,"UTR PTT Yokohama Women 06",ROOT
sr:competition:48229,"UTR PTT Athens Women 02",ROOT
sr:competition:48237,"UTR PTT Gold Coast Men 01",ROOT
sr:competition:48239,"UTR PTT Budapest Men 04",ROOT
sr:competition:48283,"WTA 125k Quito, Ecuador Women Doubles",ROOT
sr:competition:48319,"UTR PTT Gold Coast Men 02",ROOT
sr:competition:48321,"UTR PTT Bali Men +H 02",ROOT
sr:competition:48323,"UTR PTT Olomouc Men 06",ROOT
sr:competition:48325,"UTR PTT Boise Men 02",ROOT
sr:competition:48327,"UTR PTT Knoxville Men 03",ROOT
sr:competition:48331,"UTR PTT San Diego Men 02",ROOT
sr:competition:48363,"UTR PTT Gold Coast Women 02",ROOT
sr:competition:48365,"UTR PTT Olomouc Women 05",ROOT
sr:competition:48367,"UTR PTT Boise Women 02",ROOT
sr:competition:48369,"UTR PTT Knoxville Women 03",ROOT
sr:competition:48371,"UTR PTT San Diego Women 02",ROOT
sr:competition:48489,"UTR PTT Hamburg Men 01",ROOT
sr:competition:48491,"UTR PTT Krakow Men 02",ROOT
sr:competition:48493,"UTR PTT Urbana Men 02",ROOT
sr:competition:48495,"UTR PTT Denver Men 02",ROOT
sr:competition:48497,"UTR PTT Waco Men 04",ROOT
sr:competition:48499,"UTR PTT Hamburg Women 01",ROOT
sr:competition:48501,"UTR PTT Skopje Women 03",ROOT
sr:competition:48503,"UTR PTT Urbana Women 02",ROOT
sr:competition:48505,"UTR PTT Denver Women 02",ROOT
sr:competition:48559,"UTR PTT Skopje Men 04",ROOT
sr:competition:48561,"UTR PTT Covilha Men +H 01",ROOT
sr:competition:48563,"UTR PTT Ithaca Men 01",ROOT
sr:competition:48565,"UTR PTT Tallahassee Men 01",ROOT
sr:competition:48567,"UTR PTT Gunma Women 01",ROOT
sr:competition:48569,"UTR PTT Olomouc Women 06",ROOT
sr:competition:48639,"UTR PTT Essen Men 01",ROOT
sr:competition:48643,"UTR PTT Thessaloniki Men 01",ROOT
sr:competition:48649,"UTR PTT Newport Beach Men 12",ROOT
sr:competition:48651,"UTR PTT Lincoln Men 03",ROOT
sr:competition:48653,"UTR PTT Essen Women 01",ROOT
sr:competition:48655,"UTR PTT Lincoln Women 02",ROOT
sr:competition:48725,"UTR PTT Essen Men 02",ROOT
sr:competition:48727,"UTR PTT Boca Raton Men 08",ROOT
sr:competition:48729,"UTR PTT Zadar Men 03",ROOT
sr:competition:48731,"UTR PTT Saitama Men 01",ROOT
sr:competition:48733,"UTR PTT Cordoba Men 05",ROOT
sr:competition:48735,"UTR PTT Essen Women 02",ROOT
sr:competition:48737,"UTR PTT Zadar Women 04",ROOT
sr:competition:48739,"UTR PTT Newport Beach Women 13",ROOT
sr:competition:48835,"UTR PTT Cordoba Women +H 01",ROOT
sr:competition:48837,"UTR PTT Belgrade Women 04",ROOT
sr:competition:48839,"UTR PTT Norman Women 04",ROOT
sr:competition:48841,"UTR PTT Saitama Men 02",ROOT
sr:competition:48843,"UTR PTT Belgrade Men 04",ROOT
sr:competition:48845,"UTR PTT Cordoba Men 06",ROOT
sr:competition:48847,"UTR PTT Norman Men 04",ROOT
sr:competition:48849,"UTR PTT Newport Beach Men 13",ROOT
sr:competition:48915,"UTR PTT Belgrade Men 05",ROOT
sr:competition:48917,"UTR PTT Clemson Men 01",ROOT
sr:competition:48919,"UTR PTT Champaign Men 03",ROOT
sr:competition:48921,"UTR PTT Belgrade Women 05",ROOT
sr:competition:48923,"UTR PTT Newport Beach Women 14",ROOT
sr:competition:48925,"UTR PTT Champaign Women 03",ROOT
sr:competition:49017,"UTR PTT Cologne Men 01",ROOT
sr:competition:49019,"UTR PTT Saitama Men 03",ROOT
sr:competition:49021,"UTR PTT Skopje Men +H 05",ROOT
sr:competition:49023,"UTR PTT Nashville Men 01",ROOT
sr:competition:49025,"UTR PTT Newport Beach Men 14",ROOT
sr:competition:49027,"UTR PTT Cologne Women 01",ROOT
sr:competition:49029,"UTR PTT Saitama Women 01",ROOT
sr:competition:49031,"UTR PTT Skopje Women 04",ROOT
sr:competition:49033,"UTR PTT Boca Raton Women 08",ROOT
sr:competition:49059,"UTR PTT Cologne Men 02",ROOT
sr:competition:49063,"UTR PTT Baton Rouge Men 02",ROOT
sr:competition:49065,"UTR PTT Knoxville Men 04",ROOT
sr:competition:49067,"UTR PTT Cologne Women 02",ROOT
sr:competition:49071,"UTR PTT Krakow Women 02",ROOT
sr:competition:49073,"UTR PTT Newport Beach Women 15",ROOT
sr:competition:49075,"UTR PTT Knoxville Women 04",ROOT
sr:competition:49126,"UTR PTT Krakow Men 03",ROOT
sr:competition:49132,"UTR PTT College Station Men 03",ROOT
sr:competition:49134,"UTR PTT Newport Beach Men 15",ROOT
sr:competition:49136,"UTR PTT Clemson Men 02",ROOT
sr:competition:49138,"UTR PTT Trnava Women 02",ROOT
sr:competition:49142,"UTR PTT College Station Women 02",ROOT
sr:competition:49254,"UTR PTT Boca Raton Men 09",ROOT
sr:competition:49256,"UTR PTT Hyogo Men 01",ROOT
sr:competition:49258,"UTR PTT Trnava Men 02",ROOT
sr:competition:49260,"UTR PTT Carvoeiro Men +H 06",ROOT
sr:competition:49262,"UTR PTT Fayetteville Men 01",ROOT
sr:competition:49264,"UTR PTT Tucson Men 02",ROOT
sr:competition:49266,"UTR PTT Hyogo Women 01",ROOT
sr:competition:49268,"UTR PTT Trnava Women 03",ROOT
sr:competition:49270,"UTR PTT Carvoeiro Women +H 06",ROOT
sr:competition:49272,"UTR PTT Fayetteville Women 01",ROOT
sr:competition:49274,"UTR PTT Newport Beach Women 16",ROOT
sr:competition:49366,"UTR PTT Bengaluru Men 01",ROOT
sr:competition:49368,"UTR PTT Dubai Men +H 05",ROOT
sr:competition:49370,"UTR PTT Trnava Men 03",ROOT
sr:competition:49372,"UTR PTT Stillwater Men 01",ROOT
sr:competition:49374,"UTR PTT Malibu Men 01",ROOT
sr:competition:49376,"UTR PTT Tuscaloosa Men 03",ROOT
sr:competition:49378,"UTR PTT Olomouc Women 07",ROOT
sr:competition:49380,"UTR PTT Boca Raton Women 09",ROOT
sr:competition:49382,"UTR PTT Malibu Women 01",ROOT
sr:competition:49424,"UTR PTT Lovedale Men 04",ROOT
sr:competition:49426,"UTR PTT Dubai Men +H 06",ROOT
sr:competition:49428,"UTR PTT Olomouc Men 07",ROOT
sr:competition:49430,"UTR PTT Ithaca Men 02",ROOT
sr:competition:49432,"UTR PTT Waco Men 05",ROOT
sr:competition:49434,"UTR PTT Newport Beach Men 16",ROOT
sr:competition:49436,"UTR PTT Bucharest Women 05",ROOT
sr:competition:49438,"UTR PTT Montpellier Women 01",ROOT
sr:competition:49440,"UTR PTT Waco Women 03",ROOT
sr:competition:49498,"UTR PTT Lovedale Men 05",ROOT
sr:competition:49500,"UTR PTT Hyogo Men 02",ROOT
sr:competition:49502,"UTR PTT Bucharest Men 04",ROOT
sr:competition:49504,"UTR PTT Montpellier Men 01",ROOT
sr:competition:49506,"UTR PTT Buenos Aires Men 01",ROOT
sr:competition:49508,"UTR PTT Hyogo Women 02",ROOT
sr:competition:49510,"UTR PTT Dubai Women +H 05",ROOT
sr:competition:49512,"UTR PTT Buenos Aires Women 01",ROOT
sr:competition:49514,"UTR PTT Bengaluru Women 01",ROOT
sr:competition:49578,"UTR PTT Oxford Men 01",ROOT
sr:competition:49580,"UTR PTT Belgrade Men 06",ROOT
sr:competition:49582,"UTR PTT Cardiff Men 02",ROOT
sr:competition:49584,"UTR PTT Buenos Aires Men 02",ROOT
sr:competition:49586,"UTR PTT Tallahassee Men 02",ROOT
sr:competition:49588,"UTR PTT Newport Beach Men 17",ROOT
sr:competition:49590,"UTR PTT Oxford Women 01",ROOT
sr:competition:49592,"UTR PTT Dallas Women 02",ROOT
sr:competition:49594,"UTR PTT Dubai Women +H 06",ROOT
sr:competition:49596,"UTR PTT Krakow Women 03",ROOT
sr:competition:49598,"UTR PTT Buenos Aires Women 02",ROOT
sr:competition:49660,"Battle of the Sexes",ROOT
sr:competition:49674,"UTR PTT Honolulu Men +H 01",ROOT
sr:competition:49676,"UTR PTT Melbourne Men 01",ROOT
sr:competition:49678,"UTR PTT Knoxville Men 05",ROOT
sr:competition:49680,"UTR PTT Phan Thiet Men 01",ROOT
sr:competition:49682,"UTR PTT Krakow Men 04",ROOT
sr:competition:49684,"UTR PTT Carvoeiro Men +H 07",ROOT
sr:competition:49686,"UTR PTT Melbourne Women 01",ROOT
sr:competition:49688,"UTR PTT Boca Raton Women 10",ROOT
sr:competition:49690,"UTR PTT Olomouc Women 08",ROOT
sr:competition:49692,"UTR PTT Carvoeiro Women +H 07",ROOT
sr:competition:49694,"UTR PTT Knoxville Women 05",ROOT
sr:competition:49696,"UTR PTT Newport Beach Women 17",ROOT
sr:competition:49854,"Miami Invitational",ROOT
sr:competition:49870,"UTR PTT Honolulu Men +H 02",ROOT
sr:competition:49872,"UTR PTT Melbourne Men 02",ROOT
sr:competition:49874,"UTR PTT Boca Raton Men 10",ROOT
sr:competition:49876,"UTR PTT Saitama Men 04",ROOT
sr:competition:49878,"UTR PTT Olomouc Men 08",ROOT
sr:competition:49880,"UTR PTT Carvoeiro Men +H 08",ROOT
sr:competition:49882,"UTR PTT Newport Beach Men 18",ROOT
sr:competition:49884,"UTR PTT Melbourne Women 02",ROOT
sr:competition:49886,"UTR PTT Saitama Women 02",ROOT
sr:competition:49888,"UTR PTT Belgrade Women 06",ROOT
sr:competition:49890,"UTR PTT Carvoeiro Women +H 08",ROOT
sr:competition:49892,"UTR PTT Newport Beach Women 18",ROOT
sr:competition:50014,"UTR PTT Saitama Men 05",ROOT
sr:competition:50016,"UTR PTT Saitama Women 03",ROOT
sr:competition:50054,"UTR PTT Knoxville Men 06",ROOT
sr:competition:50056,"UTR PTT Newport Beach Men 19",ROOT
sr:competition:50058,"UTR PTT Bali Men +H 03",ROOT
sr:competition:50060,"UTR PTT Arnhem Men 01",ROOT
sr:competition:50064,"UTR PTT Waco Men 06",ROOT
sr:competition:50068,"UTR PTT Newport Beach Women 19",ROOT
sr:competition:50070,"UTR PTT Boca Raton Women 11",ROOT
sr:competition:50074,"UTR PTT Arnhem Women 01",ROOT
sr:competition:50076,"UTR PTT Waco Women 04",ROOT
sr:competition:50150,"UTR PTT Stirling Men 01",ROOT
sr:competition:50152,"UTR PTT Wagga Wagga Men 01",ROOT
sr:competition:50154,"UTR PTT South Bend Men 01",ROOT
sr:competition:50156,"UTR PTT Stirling Women 01",ROOT
sr:competition:50158,"UTR PTT South Bend Women 01",ROOT
sr:competition:50186,"UTR PTT Philadelphia Men 01",ROOT
sr:competition:50188,"UTR PTT Chapel Hill Men 01",ROOT
sr:competition:50222,"UTR PTT Bonita Springs Men +H 01",ROOT
sr:competition:50226,"UTR PTT Bengaluru Women 02",ROOT
sr:competition:50370,"UTR PTT Houston Men 01",ROOT
sr:competition:50508,"UTR PTT Targu Mures Men 01",ROOT
sr:competition:50598,"UTR PTT Las Vegas Men 01",ROOT
sr:competition:50600,"UTR PTT Targu Mures Women 01",ROOT
sr:competition:50602,"UTR PTT Las Vegas Women 01",ROOT
sr:competition:50650,"UTR PTT Murska Sobota Women 01",ROOT
sr:competition:50798,"UTR PTT Moraga Men 01",ROOT
sr:competition:50848,"UTR PTT Umag Women 01",ROOT
sr:competition:50906,"UTR PTT Nashville Women 01",ROOT
sr:competition:51128,"UTR PTT Arnhem Men 03",ROOT
sr:competition:51142,"UTR PTT Arnhem Women 03",ROOT
sr:competition:51152,"UTR PTT Arnhem Men 02",ROOT
sr:competition:51154,"UTR PTT Arnhem Women 02",ROOT
sr:competition:51338,"UTR PTT Concord Men 01",ROOT
sr:competition:51340,"UTR PTT Melbourne Men 03",ROOT
sr:competition:51346,"UTR PTT Trnava Women 04",ROOT
sr:competition:51348,"UTR PTT Melbourne Women 03",ROOT
sr:competition:51350,"UTR PTT Concord Women 01",ROOT
sr:competition:51408,"UTR PTT Phan Thiet Men 02",ROOT
sr:competition:51410,"UTR PTT Le Cap d Agde Men 01",ROOT
sr:competition:51412,"UTR PTT Stirling Men 02",ROOT
sr:competition:51414,"UTR PTT Melbourne Men 04",ROOT
sr:competition:51416,"UTR PTT Melbourne Women 04",ROOT
sr:competition:51418,"UTR PTT Stirling Women 02",ROOT
sr:competition:51502,"UTR PTT Madison Men 01",ROOT
sr:competition:51504,"UTR PTT Madison Women 01",ROOT
sr:competition:51506,"UTR PTT Tuscaloosa Women 01",ROOT
sr:competition:51652,"UTR PTT La Nucia Men 01",ROOT
sr:competition:51656,"UTR PTT San Luis Obispo Men 01",ROOT
sr:competition:51658,"UTR PTT Gold Coast Men 03",ROOT
sr:competition:51660,"UTR PTT Gold Coast Women 03",ROOT
sr:competition:51664,"UTR PTT San Luis Obispo Women 01",ROOT
sr:competition:51764,"UTR PTT Gold Coast Men 04",ROOT
sr:competition:51766,"UTR PTT Philadelphia Men 02",ROOT
sr:competition:51768,"UTR PTT Gold Coast Women 04",ROOT
sr:competition:51770,"UTR PTT Philadelphia Women 01",ROOT
sr:competition:51830,"UTR PTT Glyfada Men 01",ROOT
sr:competition:51832,"UTR PTT Glyfada Women 01",ROOT
sr:competition:51848,"UTR PTT Rome GA Women 01",ROOT
sr:competition:51872,"UTR PTT Sydney Men 01",ROOT
sr:competition:51874,"UTR PTT Seattle Men 01",ROOT
sr:competition:51876,"UTR PTT Umag Men 02",ROOT
sr:competition:51878,"UTR PTT Sydney Women 01",ROOT
sr:competition:51880,"UTR PTT Seattle Women 01",ROOT
sr:competition:52152,"UTR PTT Phan Thiet Men 03",ROOT
sr:competition:52154,"UTR PTT Ljubljana Men 01",ROOT
sr:competition:52164,"UTR PTT Ljubljana Women 01",ROOT
sr:competition:52232,"WTA 125k Ankara, Turkiye Women Singles",ROOT
sr:competition:52234,"WTA 125k Ankara, Turkiye Women Doubles",ROOT
sr:competition:52262,"UTR PTT Saitama Women 04",ROOT
sr:competition:52364,"UTR PTT Bengaluru Men 02",ROOT
sr:competition:52366,"UTR PTT Tallahassee Women 01",ROOT
sr:competition:52408,"UTR PTT Columbus Men 01",ROOT
sr:competition:52410,"UTR PTT Auburn Men 01",ROOT
sr:competition:52412,"UTR PTT Columbus Women 01",ROOT
sr:competition:52414,"UTR PTT Auburn Women 01",ROOT
sr:competition:52508,"UTR PTT Saitama Men 06",ROOT
sr:competition:52510,"UTR PTT Auburn Men 02",ROOT
sr:competition:52512,"UTR PTT Auburn Women 02",ROOT
sr:competition:52578,"UTR PTT Saitama Men 07",ROOT
sr:competition:52580,"UTR PTT Arnhem Men 04",ROOT
sr:competition:52582,"UTR PTT Arnhem Women 04",ROOT
sr:competition:52584,"UTR PTT Tallahassee Women 02",ROOT
sr:competition:52660,"UTR PTT Arnhem Men 05",ROOT
sr:competition:52662,"UTR PTT Nashville Men 02",ROOT
sr:competition:52664,"UTR PTT Gold Coast Men 05",ROOT
sr:competition:52666,"UTR PTT East Lansing Men 01",ROOT
sr:competition:52668,"UTR PTT Gold Coast Women 05",ROOT
sr:competition:52670,"UTR PTT East Lansing Women 01",ROOT
sr:competition:52672,"UTR PTT Arnhem Women 05",ROOT
sr:competition:52722,"UTR PTT Gold Coast Men 06",ROOT
sr:competition:52724,"UTR PTT Glasgow Men 01",ROOT
sr:competition:52726,"UTR PTT Newport Beach Men 20",ROOT
sr:competition:52728,"UTR PTT Gold Coast Women 06",ROOT
sr:competition:52730,"UTR PTT Glasgow Women 01",ROOT
sr:competition:52732,"UTR PTT Clemson Women 01",ROOT
sr:competition:52734,"UTR PTT Newport Beach Women 20",ROOT
sr:competition:52842,"UTR PTT Saitama Men 08",ROOT
sr:competition:52844,"UTR PTT Frankfurt Men 01",ROOT
sr:competition:52846,"UTR PTT Miami Men 01",ROOT
sr:competition:52848,"UTR PTT Frankfurt Women 01",ROOT
sr:competition:52850,"UTR PTT Miami Women 01",ROOT
sr:competition:53108,"UTR PTT Sydney Men 02",ROOT
sr:competition:53114,"UTR PTT Tallahassee Men 03",ROOT
sr:competition:53116,"UTR PTT Newport Beach Men 21",ROOT
sr:competition:53130,"UTR PTT Sydney Women 02",ROOT
sr:competition:53132,"UTR PTT Tallahassee Women 03",ROOT
sr:competition:53134,"UTR PTT Newport Beach Women 21",ROOT
sr:competition:53200,"UTR PTT Newport Beach Men 22",ROOT
sr:competition:53202,"UTR PTT Chicago Men 01",ROOT
sr:competition:53204,"UTR PTT Chicago Women 01",ROOT
sr:competition:53206,"UTR PTT Newport Beach Women 22",ROOT
sr:competition:53212,"UTR PTT Sydney Men 03",ROOT
sr:competition:53222,"UTR PTT Sydney Women 03",ROOT
sr:competition:53264,"UTR PTT Saitama Men 09",ROOT
sr:competition:53266,"UTR PTT Norfolk Men 01",ROOT
sr:competition:53392,"UTR PTT Saitama Men 10",ROOT
sr:competition:53400,"UTR PTT Newport Beach Men 23",ROOT
sr:competition:53402,"UTR PTT Le Cap d Agde Men 02",ROOT
sr:competition:53404,"UTR PTT Ithaca Women 01",ROOT
sr:competition:53406,"UTR PTT Newport Beach Women 23",ROOT
sr:competition:53502,"UTR PTT Le Cap d Agde Women 01",ROOT
sr:competition:620,"Hopman Cup",ROOT
sr:competition:660,"World Team Cup",ROOT
