venue_name,complex_name
Estadio Monumental,Club Tennis Las Terrazas de Miraflores
Stadium,Shenzhen International Tennis Center
Court 2,Shenzhen Longgang Sports Center
Court 7,Olympic Park Tennis Center
Court 20,Melbourne Park
Court 22,Melbourne Park
Estadio Ivan Elias Moreno,Club Tennis Las Terrazas de Miraflores
Stade Numa-Daly Magenta,Complexe Tennistique Marie-Louise Lhuillier
Cancha 5,Acapulco Princess Mundo Imperial
Court 13,Indian Wells Tennis Garden
Center Court,Royal Tennis Club de Marrakech
Court 1,Royal Tennis Club de Marrakech
Court 2,Royal Tennis Club de Marrakech
Court 4,Royal Tennis Club de Marrakech
SZ Court,MTTC Iphitos e.V.
Campo 1,Complexo De Tenis Do Jamor
Center Court,Tennis Club 1.FCN
Show Court,Tennis Club 1.FCN
Court 1,Tennis Club 1.FCN
Court 2,Tennis Club 1.FCN
Court 9,Country Time Club
Court 11,Country Time Club
Halle des Sports,Parc des Expositions Quimper Cornouaille
Court 4,USTA Billie Jean King National Tennis Center
Arthur Ashe Stadium,USTA Billie Jean King National Tennis Center
Court 5,USTA Billie Jean King National Tennis Center
Court 6,USTA Billie Jean King National Tennis Center
Court 7,USTA Billie Jean King National Tennis Center
Court 8,USTA Billie Jean King National Tennis Center
Court 9,USTA Billie Jean King National Tennis Center
Court 10,USTA Billie Jean King National Tennis Center
Court 11,USTA Billie Jean King National Tennis Center
Court 12,USTA Billie Jean King National Tennis Center
Court 13,USTA Billie Jean King National Tennis Center
Court A,Qi Zhong Tennis Center
Court B,Qi Zhong Tennis Center
Court 14,USTA Billie Jean King National Tennis Center
Court C,Qi Zhong Tennis Center
Court 15,USTA Billie Jean King National Tennis Center
Cancha 10,Buenos Aires Lawn Tennis Club
Cancha 11,Buenos Aires Lawn Tennis Club
Cancha 2,Buenos Aires Lawn Tennis Club
Court 16,USTA Billie Jean King National Tennis Center
Stadium 17,USTA Billie Jean King National Tennis Center
Louis Armstrong Stadium,USTA Billie Jean King National Tennis Center
Grandstand,USTA Billie Jean King National Tennis Center
Center Court,Shenzhen Longgang Sports Center
Court 2,Sud de France Arena
Court Banque Nationale,Centre de Tennis Synex Assurance - Universite Laval
Court Central,Les Arenes de Metz
Court 1,Les Arenes de Metz
CENTRALA,BNR arena
SEMI CENTRALA,BNR arena
Court 2,National Tennis Center
CENTRE,Olympic Tennis School
COURT 3,Olympic Tennis School
COURT 4,Olympic Tennis School
COURT 5,Olympic Tennis School
COURT 3,National Tennis Center
Centre Court,Olympic Tennis Courts
Court 2,Olympic Tennis Courts
Court 13,Olympic Tennis Courts
Court 11,Seoul Olympic Park Tennis Center
Quadra Guga Kuerten,Jockey Club Brasileiro
Quadra 2,Jockey Club Brasileiro
Grandstand,Arena GNP Seguros
Centre Court,Rama Gardens Hotel
Court 1,Rama Gardens Hotel
Center,National Tennis Center
Court 1,National Tennis Center
Court 4,National Tennis Center
Court 5,National Tennis Center
Court 7,National Tennis Center
Court 8,National Tennis Center
Court 9,National Tennis Center
Court 2,National Tennis Center
Grandstand,Qi Zhong Tennis Center
Estadio GNP Seguros,Club Sonoma
Cancha 1,Club Sonoma
Cancha 2,Club Sonoma
Court 4,Qi Zhong Tennis Center
Court 5,Qi Zhong Tennis Center
Stadium Court,Qi Zhong Tennis Center
Center,Utsubo Tennis Center
CENTRE COURT,Itamirim Clube de Campo
Court 1,Utsubo Tennis Center
COURT 3,Itamirim Clube de Campo
COURT 4,Itamirim Clube de Campo
Court 2,Utsubo Tennis Center
Astana Arena,National Tennis Center
Cancha 1,Club Manquehue de Vitacura
Cancha 3,Club Manquehue de Vitacura
Cancha 8,Club Deportivo Potosino
Cancha Central,Club Deportivo Potosino
Court 3,Clube Hipico Santo Amaro
Cancha 4,Club Deportivo Potosino
Cancha 3,Club Deportivo Potosino
Center,Payne Park Tennis Facility
Court 4,Payne Park Tennis Facility
Centre Court,Design Center Linz
Court 5,Payne Park Tennis Facility
Court 4,BNR arena
Court 5,BNR arena
Court 10,Shenzhen International Tennis Center
Court 3,Shenzhen International Tennis Center
Match Court 1,Design Center Linz
Court 4,Shenzhen International Tennis Center
Court 6,Franklin Creek Tennis Center
Court 16,Franklin Creek Tennis Center
Centre Court,Kungliga Tennishallen
Centre Court,Club Campestre Farallones
Court 2,Club Campestre Farallones
Court 1,Multisport Sports Club
Court 4,Club Campestre Farallones
Court Central,Au Tennis Club De Tunis
Court 1,Au Tennis Club De Tunis
Court 2,Multisport Sports Club
Centre Court,Taipei Arena
Court 2,Taipei Arena
Court 3,MTTC Iphitos e.V.
Court 3,Multisport Sports Club
Court 5,Au Tennis Club De Tunis
Centre Court,Ostravar Arena
Court 3,Ostravar Arena
Court 6,Ostravar Arena
Center,Forestmeadows Tennis Center
CENTRAL,CK Sportcenter Kockelscheuer
Court 1,Forestmeadows Tennis Center
Court 4,Forestmeadows Tennis Center
Court 1,CK Sportcenter Kockelscheuer
Court 1,Kungliga Tennishallen
Court 4,Ostravar Arena
Court 3,Forestmeadows Tennis Center
Hortkorn Court,Tennisclub Heilbronn am Trappensee
Court 1,Tennisclub Heilbronn am Trappensee
Court 2,Tennisclub Heilbronn am Trappensee
Center Court,Tennis Club Dinamo
Court 1,Tennis Club Dinamo
Court 2,Tennis Club Dinamo
Court 3,Tennis Club Dinamo
Court 4,Tennis Club Dinamo
Court Ideal Groupe,Villa Primrose
Court 11,Villa Primrose
Show Court 1,Spo1 Park
Court 3,Spo1 Park
Court 5,Spo1 Park
Grand Stand Arena,Foro Italico
Court 12,Villa Primrose
Court 3,Tennisclub Heilbronn am Trappensee
Court 4,Tennis Club 1.FCN
Center Court,Tennis Palladio 98
Court 1,Tennis Palladio 98
Court 2,Tennis Palladio 98
Court 5,Tennis Palladio 98
Center Court,Tenisovy Klub Prostejov
Court 1,Tenisovy Klub Prostejov
Court 1,Nottingham Tennis Centre
Court 3,Nottingham Tennis Centre
Centre Court,Nottingham Tennis Centre
Court 2,Nottingham Tennis Centre
Court 4,Nottingham Tennis Centre
Court 7,Nottingham Tennis Centre
Court 8,Nottingham Tennis Centre
Court 4,Owl Arena
Court 5,Owl Arena
Court 6,Owl Arena
Centre Court,Istiklol Tennis Club
Court 2,Istiklol Tennis Club
Central,AAJB Tennis
Court 1,AAJB Tennis
Court 1,Istiklol Tennis Club
Court 4,Istiklol Tennis Club
Court 5,Istiklol Tennis Club
Centre Court,Tennis Club Sparta Praha
Court A,Tennis Club Sparta Praha
Ann Jones Centre Court,Edgbaston Priory Club
Court 2,AAJB Tennis
Court 7,Devonshire Park Lawn Tennis Centre
Court 8,Devonshire Park Lawn Tennis Centre
Court 9,Devonshire Park Lawn Tennis Centre
Court 10,Devonshire Park Lawn Tennis Centre
Court 11,Devonshire Park Lawn Tennis Centre
Central Court,Tianjin Tuanbo International Tennis Center
Court 1,Tianjin Tuanbo International Tennis Center
Court 2,Tianjin Tuanbo International Tennis Center
Centre Court,Palalido Allianz Cloud
Grandstand,Aspria Harbor Club
Court 13,Aspria Harbor Club
Court 3,Tianjin Tuanbo International Tennis Center
Central Court,National Sport Center Nanchang
Court 1,National Sport Center Nanchang
Court 2,National Sport Center Nanchang
Court 3,National Sport Center Nanchang
Center Court,Braunschweiger Tennis und Hockeyclub
Court 11,Braunschweiger Tennis und Hockeyclub
Grandstand,Tennis Club Todi 1971
Campo 1,Tennis Club Todi 1971
Court 5,Braunschweiger Tennis und Hockeyclub
Court 7,Braunschweiger Tennis und Hockeyclub
Court D,ŠRC MARINA PORTOROŽ
Court C,ŠRC MARINA PORTOROŽ
Centrale,Circolo Tennis Maggioni
Campo 2,Circolo Tennis Maggioni
Campo 3,Circolo Tennis Maggioni
Court 3,Am Rothenbaum
Centrale,Francesco Guzzini Recanati Tennis Club
Grandstand,Francesco Guzzini Recanati Tennis Club
Court Central,Tennis St-Luc - Les Loisirs De Granby
Court 3,Tennis St-Luc - Les Loisirs De Granby
Court 4,Tennis St-Luc - Les Loisirs De Granby
Court 1,Tennis St-Luc - Les Loisirs De Granby
Court 7,Tennis St-Luc - Les Loisirs De Granby
Court 5,ATP Stadion Goran Ivanisevic
Center Court,Tampereen Tenniskeskus Oy
Court 1,Tampereen Tenniskeskus Oy
Center Court,National Tennis Center
Court 1,National Tennis Center
Court 2,National Tennis Center
Court 3,National Tennis Center
Court 6,National Tennis Center
Stadium 1,Hilary J. Boone Tennis Center
Court 3,TOP SEED TENNIS CLUB
Court 6,Hilary J. Boone Tennis Center
Court 2,Kitzbuhel Tennis Club Sportfeld 2
Svijany Court,Liberec Tennis Club
Gea Court,Liberec Tennis Club
Mlyn Perner Court,Liberec Tennis Club
Center Court,Complejo Deportivo Pedro Muñoz
Court 1,Complejo Deportivo Pedro Muñoz
Court 2,Complejo Deportivo Pedro Muñoz
Allianz Court,Tennis Club Sparta Praha
Center Court,Centro Tennis Cassa di Risparmio
Court 2 De Luigi,Centro Tennis Cassa di Risparmio
Court 3,Centro Tennis Cassa di Risparmio
Campo Centrale,Eurosporting Cordenons
Campo 11,Eurosporting Cordenons
Campo 12,Eurosporting Cordenons
Campo 13,Eurosporting Cordenons
Campo 14,Eurosporting Cordenons
Court A,Connecticut Tennis Center
Court 6,Rama Gardens Hotel
Court 4,Rama Gardens Hotel
Court 5,Rama Gardens Hotel
Center Court,A.S.D. Tennis Club Como
Court 1,A.S.D. Tennis Club Como
Court 2,A.S.D. Tennis Club Como
Center Court,Valletta Cambiaso
Court 1,Valletta Cambiaso
Court 2,Valletta Cambiaso
Campo 3,Valletta Cambiaso
Centre Court,Victoria Park Tennis Court
Court 1,Victoria Park Tennis Court
Court 2,Victoria Park Tennis Court
Court Limak Enerji,Garanti Koza Arena
Centre Court,Park Mladen Stojanovic
Court 5,Park Mladen Stojanovic
Court 3,Real Club de Tenis Betis
Court 2,Real Club de Tenis Betis
Central Court,Wojska Polskiego
Court 1,Wojska Polskiego
Court 2,Wojska Polskiego
Court 6,TTF Istanbul Tenis Merkezi
Court 4,Nacionalni Trening Centar Teniskog
Court 3,Park Mladen Stojanovic
Court 4,Seoul Olympic Park Tennis Center
Cancha Central,Club Jacaranda Cumbaya
Cancha 2,Club Rancho San Francisco
Centre Court,Seoul Olympic Park Tennis Center
Court 1,Sibur Arena
Center Court,Sociedade Hipica de Campinas
Court 1,Sociedade Hipica de Campinas
Court 2,Sociedade Hipica de Campinas
Center Court,Wiener Stadthalle
Cancha 5,Club Rancho San Francisco
Court B,Wiener Stadthalle
Court 2,Optics Valley International Tennis Center
Court 3,Optics Valley International Tennis Center
Court 4,Optics Valley International Tennis Center
Court 5,Optics Valley International Tennis Center
Court 1,Optics Valley International Tennis Center
CENTER COURT,Sibur Arena
Center Court,Optics Valley International Tennis Center
Court 1,Parc De La TeTe D'or
La Foret 3,Palais Des Sport
La Foret 4,Palais des Sports
Centre Court,Tennis Club Pamira
Court 5,Tennis Club Pamira
Court Central,Parc De La TeTe D'or
Court 6,Tennis Club Pamira
Court 8,Tennis Club Pamira
Centre Court,Khalifa International Tennis & Squash Complex
Center Court,St Jakobshalle Basel
La Foret 1,Palais des Sports
Court 2,St Jakobshalle Basel
Court 1,Sporting Club de Tenis Valencia
Pista 1,Sporting Club de Tenis Valencia
Brad Drewett,National Tennis Center
Central Colette Besson,Salle Collete-Benson
Tennis Club De Bruz,Salle Collete-Benson
Stadium Court,Tiburon Peninsula Club
Court 1,Tiburon Peninsula Club
Court 4,Tiburon Peninsula Club
Court 2,Kungliga Tennishallen
Court Central,Accor Arena
Court 1,Accor Arena
Court 2,Stade Roland Garros
Centre Court,Mhalunge Balewadi Tennis Complex
Court 1,Mhalunge Balewadi Tennis Complex
Court 2,Mhalunge Balewadi Tennis Complex
Cancha Central,Estadio Mario Alberto Kempes
CANCHA 1,Cordoba Lawn Tennis Club
CANCHA 3,Cordoba Lawn Tennis Club
Court 3,Mhalunge Balewadi Tennis Complex
Court 4,Mhalunge Balewadi Tennis Complex
Centre Court,Singapore Indoor Stadium
Center Court,Yinzhou International Tennis Centre
Court 7,"Ningbo Tennis Center of WTA Ningbo, China w42"
Court 8,"Ningbo Tennis Center of WTA Ningbo, China w42"
Centre Court,Tennis Club de Geneve
Court 2,Tennis Club de Geneve
Center Court,House of Sports
Court 1,House of Sports
Court 7,Boars Head Resort
Court 9,Boars Head Resort
Court Central,Vendéspace
Court Annexe,Vendéspace
Court 1,Palais des sports de Beaublanc
Court 1,Taipei Arena
Centre Court,NTC Arena
Court 3,NTC Arena
Central Court,Tennis Club Ortisei
Court 1,Tennis Club Ortisei
Centre,Palais des sports de Beaublanc
Court 2,Goodfriend Indoor Tennis Center
Court 3,Goodfriend Indoor Tennis Center
Estadio 1. de Maio,Clube de Tenis de Braga
Court 3,Tali Tennis Center
Court 1,"Mamushidani Tennis Courts, Keio University"
Cancha Central,Anexo Guayaquil Tennis Club
CENTER COURT,Tali Tennis Center
Court 1,Atkins Tennis Center
Court 2,Atkins Tennis Center
Court 2,Guayaquil Tennis Club
Pat Rafter Arena,Queensland Tennis Centre
Court 9,Tali Tennis Center
Cancha Central,Jockey Club del Peru
Cancha  3,Club Tennis Las Terrazas de Miraflores
Court 1,Queensland Tennis Centre
Cancha Central,Carrasco Lawn Tennis Club
Cancha 1,Carrasco Lawn Tennis Club
Court 2,Queensland Tennis Centre
Via Delle Querce,Palazzetto dello Sport
Cancha 2,Carrasco Lawn Tennis Club
Cancha 15,Carrasco Lawn Tennis Club
Court 5,Queensland Tennis Centre
Stadium Court,Manuka Doctor Arena
Court 4,Manuka Doctor Arena
Court 6,Manuka Doctor Arena
Center Court,SDAT Tennis Stadium
Center Court,Zayed Sports City International Tennis Centre
Court 1,SDAT Tennis Stadium
Court 2,SDAT Tennis Stadium
Court 1,Khalifa International Tennis & Squash Complex
Court 2,Khalifa International Tennis & Squash Complex
Court 16,Queensland Tennis Centre
Grandstand,Manuka Doctor Arena
Court 3,SDAT Tennis Stadium
Court 4,Khalifa International Tennis & Squash Complex
Court 4,SDAT Tennis Stadium
Court N'godrela,Complexe Tennistique Marie-Louise Lhuillier
Court Morault,Complexe Tennistique Marie-Louise Lhuillier
Court 3,Khalifa International Tennis & Squash Complex
Court 7,Complexe Tennistique Marie-Louise Lhuillier
Court 8,Complexe Tennistique Marie-Louise Lhuillier
Ken Rosewall Arena,Olympic Park Tennis Center
Court 9,Olympic Park Tennis Center
Court 1,Olympic Park Tennis Center
Court 2,Olympic Park Tennis Center
Court 3,Olympic Park Tennis Center
Court 4,Olympic Park Tennis Center
Court 5,Olympic Park Tennis Center
Court 6,Olympic Park Tennis Center
Court 11,Victoria Park Tennis Court
Court 13,Victoria Park Tennis Court
Centre Court,Domain Tennis Centre
Court 1,Manuka Doctor Arena
Court 2,Manuka Doctor Arena
Cancha 1,Club Rancho San Francisco
Cancha 3,Club Rancho San Francisco
Center Court,Burnie Tennis Club
Court 4,Burnie Tennis Club
Court 3,Manuka Doctor Arena
Hamilton Family Stadium,T Bar M Racquet Club
Court 1,T Bar M Racquet Club
Court 2,Burnie Tennis Club
Court 5,Manuka Doctor Arena
Court 6,Burnie Tennis Club
Court 8,Olympic Park Tennis Center
Court 1,Lotto Arena
Centre Court,Lotto Arena
Court 3,Rotterdam Ahoy
Center Court,Launceston Regional Tennis Centre
Court 8,Domain Tennis Centre
Court 4,Launceston Regional Tennis Centre
Court 2,Launceston Regional Tennis Centre
Court 5,Launceston Regional Tennis Centre
Estadio Central,Santo Domingo Tennis Club La Bocha
Cancha 1,Santo Domingo Tennis Club La Bocha
Court 7,Clube Hipico Santo Amaro
Pallazzetto Alzano,Olme Sport
Cancha 2,Santo Domingo Tennis Club La Bocha
Court 3,Launceston Regional Tennis Centre
Court 3,Jockey Club Brasileiro
Court 6,Jockey Club Brasileiro
Quadra 5,Jockey Club Brasileiro
Court 3,Delray Beach Tennis Center
ANZ Arena,Melbourne Park
Court 14,Buenos Aires Lawn Tennis Club
Court 4,Melbourne Park
Tourlaville 2,Complexe Sportif Chantereyne
Court 5,Melbourne Park
Court 6,Melbourne Park
Court 7,Melbourne Park
Court 8,Melbourne Park
Court 10,Melbourne Park
Court 11,Melbourne Park
Court 9,Melbourne Park
Cancha  3,Club Sonoma
Court 12,Melbourne Park
Court Central,Parc des Expositions Quimper Cornouaille
Annexe,Parc des Expositions Quimper Cornouaille
Court 13,Melbourne Park
Court 14,Melbourne Park
Court 15,Melbourne Park
Centre Court,Club Manquehue de Vitacura
Rod Laver Arena,Melbourne Park
Court 16,Club Manquehue de Vitacura
Court 15,Club Manquehue de Vitacura
Court 11,Club Manquehue de Vitacura
John Cain Arena,Melbourne Park
Margaret Court Arena,Melbourne Park
Court Central,Tennis Interieur Rene Verrier
1573 Arena,Melbourne Park
Court 1,Tennis Interieur Rene Verrier
Court 18,Melbourne Park
Court 19,Melbourne Park
Court 21,Melbourne Park
Estadio Municipal de Chorrillos,Club Tennis Las Terrazas de Miraflores
Estadio,Club Deportivo Potosino
Cancha Central,Club Manquehue de Vitacura
Atg 3,Salle Steredenn
Center Court,LTP Tennis Mount Pleasant
Court 2,Club Manquehue de Vitacura
Cancha 4,Club Manquehue de Vitacura
James T. Driscoll,Laurel Oak Country Club
Pnc,Laurel Oak Country Club
Court 9,Payne Park Tennis Facility
Cancha 6,Club Manquehue de Vitacura
Cancha 1,Centro Panamericano de Tenis
Court 1,MTTC Iphitos e.V.
Court 2,MTTC Iphitos e.V.
Estadio Millennium,Clube de Tenis do Estoril
Campo Centrale,Circolo Della Stampa Sporting
Show Court 2,Spo1 Park
Court 3,Seoul Olympic Park Tennis Center
Court 7,Tennisclub Heilbronn am Trappensee
Court Patrice Dominguez,Tennis Club de Strasbourg
Court 1,Tennis Club de Geneve
Court 3,Tennis Club de Geneve
Court 4,Tennis Club de Geneve
Mercedes Court,Tennis Club Weissenhof
Court 3,Porsche Arena
Court 9,Multisport Sports Club
Court 10,TK Sparta Praha
Grandstand,Tennis Club Perugia
Court 3,Tennis Club Perugia
Court 2,Ilkley Lawn Tennis and Squash Club
Campo 4,Tennis Club Perugia
Centre Court,Ilkley Lawn Tennis and Squash Club
Court 1,Ilkley Lawn Tennis and Squash Club
Court 6,Ilkley Lawn Tennis and Squash Club
Court 4,Ilkley Lawn Tennis and Squash Club
Court 5,Ilkley Lawn Tennis and Squash Club
Court 7,Ilkley Lawn Tennis and Squash Club
Indoor 2,Nottingham Tennis Centre
Indoor 4,Nottingham Tennis Centre
Court 3,International Tennis Hall of Fame
Court 1,Rotterdam Ahoy
Center Court,San Jose State University Tennis Center
Court 5,Tampereen Tenniskeskus Oy
Courtside Club 16,San Jose State University Tennis Center
Centre Court,Dubai Duty Free Tennis Stadium
Court 1,Dubai Duty Free Tennis Stadium
Court 3,Dubai Duty Free Tennis Stadium
Court 1,Leftwich Tennis Centre
Estadio 2,Buenos Aires Lawn Tennis Club
Estadio 3,Buenos Aires Lawn Tennis Club
Central,Palais des Sports de Marseille
Court 1,Palais des Sports de Marseille
Court 6,Dubai Duty Free Tennis Stadium
Court 7,Dubai Duty Free Tennis Stadium
Cancha 4,El Club el Carmel
Court 2,Dubai Duty Free Tennis Stadium
Stadium,Delray Beach Tennis Center
Stadium,Wake Forest University Tennis Complex
Court 1,Delray Beach Tennis Center
Court 2,Delray Beach Tennis Center
Court 4,Delray Beach Tennis Center
Court 5,Delray Beach Tennis Center
Court 8,National Sport Center Nanchang
Court 6,Delray Beach Tennis Center
Court 7,National Sport Center Nanchang
Court 6,National Sport Center Nanchang
Court Steigenberger,TTF Istanbul Tenis Merkezi
Court 16,Cary Tennis Park
Court 6,Wojska Polskiego
Indoor 1,Guangzhou Development District International Tennis School
Indoor 2,Guangzhou Tianhe Sports Center
Indoor 3,Guangzhou Development District International Tennis School
Quadra 3,Sociedade Hipica de Campinas
Court 5,Ohio State Varsity Tennis Center
Court 6,Optics Valley International Tennis Center
Central Court,Palais Des Sport
Center Court,Tiburon Peninsula Club
Center Court,"Club Sonoma, Estadio Gnp Seguros"
Court 1,"Club Sonoma, Estadio Gnp Seguros"
Court 2,Club Sonoma
Court 5,Salle Collete-Benson
Stadium Court,Solano Community College
Court 1,Solano Community College
Stadium 2,Indian Wells Tennis Garden
Court 4,Salle Collete-Benson
Stadium 3,Indian Wells Tennis Garden
Stadium 4,Indian Wells Tennis Garden
Stadium 5,Indian Wells Tennis Garden
Stadium 6,Indian Wells Tennis Garden
Stadium 7,Indian Wells Tennis Garden
Stadium 8,Indian Wells Tennis Garden
Stadium 9,Indian Wells Tennis Garden
Center Court,Karnataka State Lawn Tennis Association
Stadium 1,Indian Wells Tennis Garden
Court 1,Karnataka State Lawn Tennis Association
Arena Center Court,Brest Arena
Court 3,Karnataka State Lawn Tennis Association
Court 1,Darling Tennis Center
Court 2,Darling Tennis Center
Court 6,Yinzhou International Tennis Centre
Arena Annexe,Brest Arena
Court 1,Club Deportivo Universidad Catolica
Court 2,Club Deportivo Universidad Catolica
Court 3,Club Deportivo Universidad Catolica
Court 1,Hard Rock Stadium
Court 2,Hard Rock Stadium
Court 3,Hard Rock Stadium
Court 4,Hard Rock Stadium
Court 5,Hard Rock Stadium
Court 6,Hard Rock Stadium
Court 7,Hard Rock Stadium
Court 8,Hard Rock Stadium
Court 9,Hard Rock Stadium
Center Court,Sporting Club de Tenis Valencia
Court 10,Hard Rock Stadium
Estadio,Jockey Club del Peru
Cancha 6,Jockey Club del Peru
Cancha 7,Jockey Club del Peru
Grandstand,Hard Rock Stadium
Stadium,Hard Rock Stadium
Cancha 4,Club Sonoma
Center Court,True Arena Hua Hin
Court 2,True Arena Hua Hin
Court 5,True Arena Hua Hin
Court 3,True Arena Hua Hin
Court 1,TK Slovan Bratislava
Court 2,NTC Arena
Centre Court,Club de Tenis Puente Romano
Court 2,Palais des sports de Beaublanc
Center Court,Miki Disaster Management Park
Court F,Miki Disaster Management Park
Court G,Miki Disaster Management Park
Court E,Miki Disaster Management Park
Court 1,Club de Tenis Puente Romano
Cancha Central,Buenos Aires Lawn Tennis Club
Court 4,True Arena Hua Hin
Court 5,Goodfriend Indoor Tennis Center
Court 7,Club de Tenis Puente Romano
Cancha  4,Buenos Aires Lawn Tennis Club
Court Central,Monte-Carlo Country Club
Court Des Princes,Monte-Carlo Country Club
EA de Massy,Monte-Carlo Country Club
Court 9,Monte-Carlo Country Club
Centre,Real Club de Tenis Barcelona
Indoor 1,Shenzhen International Tennis Center
Indoor 2,Shenzhen International Tennis Center
Court 3,Rama Gardens Hotel
Cancha 5,Buenos Aires Lawn Tennis Club
Court 11,Monte-Carlo Country Club
Pista 3,Real Club de Tenis Barcelona
Pista 4,Real Club de Tenis Barcelona
Pista Rafa Nadal,Real Club de Tenis Barcelona
Court 3,Foro Italico
Court 4,Foro Italico
Ed Smith Stadium,Laurel Oak Country Club
Court 5,Foro Italico
Court 6,Foro Italico
Campo Centrale,Foro Italico
Center Court,Tennis Club Garden
Pietrangeli,Foro Italico
Centre Court,Porsche-Arena
Court 1,Porsche Arena
Court 1,Rizal Memorial Stadium
Center Court,Tennis Center Novak
Center Court,MTTC Iphitos e.V.
Court 4,MTTC Iphitos e.V.
Court 8,MTTC Iphitos e.V.
Court 2,T Bar M Racquet Club
Center Court,Arena Armeets Sofia
Court 1,Arena Armeets Sofia
Court 10,MTTC Iphitos e.V.
Estadio,Club Rancho San Francisco
Central,Clube de Tenis do Estoril
Centralito,Clube de Tenis do Estoril
Court 1,Clube de Tenis do Estoril
Court 2,Clube de Tenis do Estoril
Court 11,Clube Hipico Santo Amaro
Court 3,Clube de Tenis do Estoril
Court 4,Clube de Tenis do Estoril
Sree Kanteerava Stadium,Karnataka State Lawn Tennis Association
Court 2,Tennis Center Novak
Court 13,MTTC Iphitos e.V.
Manolo Santana Stadium,Caja Magica
Arantxa Sanchez Stadium,Caja Magica
Court 2,Hengqin International Tennis Center Zhuhai
Court 3,Hengqin International Tennis Center Zhuhai
Court 4,Hengqin International Tennis Center Zhuhai
Court 5,Hengqin International Tennis Center Zhuhai
Stadium 3,Caja Magica
Center,Hengqin International Tennis Center Zhuhai
Court 1,Hengqin International Tennis Center Zhuhai
Court 5,Caja Magica
Court 6,Caja Magica
Center Court,Centro Panamericano de Tenis
Court 1,Centro Panamericano de Tenis
Court 5,Centro Panamericano de Tenis
Court 2,Centro Panamericano de Tenis
Court 7,Caja Magica
Indoor 3,Shenzhen International Tennis Center
Indoor 4,Shenzhen Luohu Tennis Centre
Centre Court,Tennis Club de Strasbourg
Atg 4,Salle Steredenn
Court 2,Tennis Club de Strasbourg
Credit One Stadium,Family Circle Tennis Center
Court 3,Tennis Club de Strasbourg
Center Court,Jinwol International Tennis Court
Show Court,Jinwol International Tennis Court
Campo Estadio,Club Los Lagartos
Campo 1,El Club el Carmel
Center Court,Legia Tenis & Golf
Campo 2,El Club el Carmel
Cancha 3,Club Compensar Sede 220
I Bilanciai (C1),Circolo Tennis Barletta
Altitud (C2),Circolo Tennis Barletta
Court 1,Legia Tenis & Golf
Court 2,Payne Park Tennis Facility
Court 3,Payne Park Tennis Facility
Court Rainier III,Monte-Carlo Country Club
Campo 5,Circolo Tennis Hugo Simmen
Court 1,Jinwol International Tennis Court
Court 2,Legia Tenis & Golf
Court 3,Jinwol International Tennis Court
Campo 5,El Club el Carmel
Court 3,Legia Tenis & Golf
Court 6,Stade Roland Garros
Court 7,Stade Roland Garros
Court 8,Stade Roland Garros
Court 9,Stade Roland Garros
Court Cascais,Clube de Tenis do Estoril
Court Central,Union Sportive des Cheminots du Maroc
Court 10,Stade Roland Garros
Court 1,Union Sportive des Cheminots du Maroc
Court 2,Union Sportive des Cheminots du Maroc
Court 11,Stade Roland Garros
Court 6,Clube de Tenis do Estoril
Court 12,Stade Roland Garros
Court 13,Stade Roland Garros
Court 1,Country Club Aixois
Court 3,Country Club Aixois
Stadium,Spo1 Park
Campo 3,Tennis Club Garden
Court 14,Stade Roland Garros
Campo 5,Tennis Club Garden
Estadio 3,Madrid Arena
Court 5,Country Club Aixois
Court 15,Stade Roland Garros
Court Smart Trade,Country Club Aixois
Court Nissan,Country Club Aixois
Court 16,Stade Roland Garros
Court Central Cepac,Country Club Aixois
Court Patrice Dominguez,Villa Primrose
Court 2,Villa Primrose
Show Court 3,Tennis Club 1.FCN
Court 5,Tennis Club 1.FCN
Cedevita Court,Bluesun Tennis Center
Cockta Court,Bluesun Tennis Center
Kala Court,Bluesun Tennis Center
Court 13,Tennis Club de Lyon
Court Philippe Chatrier,Stade Roland Garros
Court Suzanne Lenglen,Stade Roland Garros
Court 3,Stade Roland Garros
Court 4,Stade Roland Garros
Court 5,Stade Roland Garros
Court 3,Ilkley Lawn Tennis and Squash Club
Center Court,Mallorca Country Club Santa Ponsa
Court 1,Mallorca Country Club Santa Ponsa
Court 2,Mallorca Country Club Santa Ponsa
Court 3,Mallorca Country Club Santa Ponsa
Indoor 4,Edgbaston Priory Club
Indoor 6,Edgbaston Priory Club
Indoor 2,AAJB Tennis
Indoor 3,AAJB Tennis
Court 6,Istiklol Tennis Club
Grandstand,BNR arena
Court 7,BNR arena
Court 4,Winnipeg Lawn Tennis Club
Court 6,Winnipeg Lawn Tennis Club
Court 8,Winnipeg Lawn Tennis Club
Stadium,International Tennis Hall of Fame
Court 1,Owl Arena
Court 4,National Tennis Center
Court 2,Owl Arena
Indoor 1,Hilary J. Boone Tennis Center
Indoor 2,Hilary J. Boone Tennis Center
Indoor 4,Hilary J. Boone Tennis Center
Court 1,All England Lawn Tennis and Croquet Club
Court 1,Sichuan International Tennis Center
Court 2,Sichuan International Tennis Center
Court 17,Sichuan International Tennis Center
Court 9,All England Lawn Tennis and Croquet Club
Court 16,Sichuan International Tennis Center
Court 18,Sichuan International Tennis Center
Court 10,All England Lawn Tennis and Croquet Club
Centre Court,Edgbaston Priory Club
Court 7,Jockey Club Brasileiro
Court 8,Jockey Club Brasileiro
Quadra 4,Jockey Club Brasileiro
Court 1,Edgbaston Priory Club
Court 2,Edgbaston Priory Club
Grandstand,Corredor Turistico SJC-CSL
Court 3,Edgbaston Priory Club
Court 1,Cabo Sports Complex
P 1,Delmar International School
Court 4,Edgbaston Priory Club
Stadium,Delmar International School
Court 3,All England Lawn Tennis and Croquet Club
Court 12,All England Lawn Tennis and Croquet Club
Tony Trabert Stadium 3,Lindner Family Tennis Center
Court G,Connecticut Tennis Center
Court I,Connecticut Tennis Center
Court P6,Cary Leeds Center for Tennis & Learning
Quadra Pedro Amadeu,Graciosa Country Club
Court 1,Qi Zhong Tennis Center
Court 2,Qi Zhong Tennis Center
Court 3,Qi Zhong Tennis Center
Court 12,National Sport Center Nanchang
Court 11,National Sport Center Nanchang
Indoor 3,National Sport Center Nanchang
Court 7,Tennis Club Pamira
Court Patrice Dominguez,Les Arenes de Metz
Centre Court,Autotron Rosmalen
Stadium Court,Sichuan International Tennis Center
Court 5,Tiburon Peninsula Club
Court 1,Maaspoort Den Bosch
Court 2,Maaspoort Den Bosch
Centre Court,Devonshire Park Lawn Tennis Centre
Court 1,Devonshire Park Lawn Tennis Centre
Court 2,Devonshire Park Lawn Tennis Centre
Court 3,Devonshire Park Lawn Tennis Centre
Court 4,Devonshire Park Lawn Tennis Centre
Court 3,Maaspoort Den Bosch
Court 5,Autotron Rosmalen
Quadra 4,Sociedade Hipica de Campinas
Court 1,Eve Zimmermann Tennis Center
Court 2,Eve Zimmermann Tennis Center
Court 6,Autotron Rosmalen
Court 5,Eve Zimmermann Tennis Center
Court 6,Eve Zimmermann Tennis Center
Stadium,Eve Zimmermann Tennis Center
Court 3,Eve Zimmermann Tennis Center
Court 4,Eve Zimmermann Tennis Center
Court 4,All England Lawn Tennis and Croquet Club
Court 6,All England Lawn Tennis and Croquet Club
Eve Zimmerman Court,Solano Community College
Court 7,All England Lawn Tennis and Croquet Club
Court 6,Solano Community College
Court 7,Solano Community College
Show Court 1,Victoria Park Tennis Court
Show Court 2,Victoria Park Tennis Court
Court 8,All England Lawn Tennis and Croquet Club
Court 11,All England Lawn Tennis and Croquet Club
Court 13,All England Lawn Tennis and Croquet Club
Court 14,All England Lawn Tennis and Croquet Club
Court 15,All England Lawn Tennis and Croquet Club
Court 16,All England Lawn Tennis and Croquet Club
Indoor 2,"Ningbo Tennis Center of WTA Ningbo, China w42"
Indoor 3,"Ningbo Tennis Center of WTA Ningbo, China w42"
Court 18,All England Lawn Tennis and Croquet Club
Indoor 1,"Ningbo Tennis Center of WTA Ningbo, China w42"
Indoor 4,"Ningbo Tennis Center of WTA Ningbo, China w42"
Centre Court,National Tennis Center
Court 1,National Tennis Center
Court 4,Maaspoort Den Bosch
Court 10,Boars Head Resort
Estadio,Anexo Guayaquil Tennis Club
Cancha Raul Viver,Anexo Guayaquil Tennis Club
Cancha 1,Anexo Guayaquil Tennis Club
Cancha 2,Anexo Guayaquil Tennis Club
Court 17,All England Lawn Tennis and Croquet Club
Stadium,Hengqin International Tennis Center Zhuhai
Cancha Central,Club Compensar Sede 220
Cancha 1,Club Compensar Sede 220
Cancha 2,Club Compensar Sede 220
Asboth Jozsef,SYMA Sports and Conference Centre
Court 4,National Tennis Center
Court 5,National Tennis Center
Court 6,National Tennis Center
Court 1,Bastad Tennis Stadium
Centre Court,All England Lawn Tennis and Croquet Club
Court 2,Bastad Tennis Stadium
Court 3,Bastad Tennis Stadium
Court 5,Atkins Tennis Center
Center Court,International Tennis Hall of Fame
Court 1,International Tennis Hall of Fame
Court 2,International Tennis Hall of Fame
Enbw Court,Tennis Club Weissenhof
Grandstand,Tennis Club Weissenhof
Center Court,Stan Sheriff Center
Court 1,Stan Sheriff Center
Center Court,Country Time Club
Court 6,Stan Sheriff Center
Court 2,Country Time Club
Court 6,Country Time Club
Court 7,Country Time Club
ECM Court,Tennis Club Sparta Praha
Court 2,I. Czech Lawn Tennis Club Praha
Court 4,I. Czech Lawn Tennis Club Praha
Stadium Court,Atlantic Station
Court 1,Atlantic Station
Court 2,Atlantic Station
Centre,ŠRC MARINA PORTOROŽ
Court 1,ŠRC MARINA PORTOROŽ
Court 2,ŠRC MARINA PORTOROŽ
M3,Am Rothenbaum
Lotto RLP Court,EPG Arena
Court 1,EPG Arena
Roy Emerson Arena,Roy Emerson Arena
Court 1,Roy Emerson Arena
Center Court,TTF Istanbul Tenis Merkezi
Court A,TTF Istanbul Tenis Merkezi
Court 1,Burnie Tennis Club
Court 3,Burnie Tennis Club
Court 5,Burnie Tennis Club
Court 1,Parc des Expositions Quimper Cornouaille
Court B,TTF Istanbul Tenis Merkezi
Court 2,Parc des Expositions Quimper Cornouaille
Cat Court,Burnie Tennis Club
Goran Ivanisevic Stadium,ATP Stadion Goran Ivanisevic
Grandstand,ATP Stadion Goran Ivanisevic
Court 1,ATP Stadion Goran Ivanisevic
Court 2,ATP Stadion Goran Ivanisevic
Court Guillermo Vilas,Buenos Aires Lawn Tennis Club
Court Patrice Dominguez,Arena Montpellier
Court 6,Stanford Taube Tennis Center
Court C,TTF Istanbul Tenis Merkezi
Kormoczy Court,SYMA Sports and Conference Centre
Temesvari Court,SYMA Sports and Conference Centre
Sportzentrum 1,Roy Emerson Arena
Court 4,ATP Stadion Goran Ivanisevic
Stadium,Fitzerald Tennis Center Rock Creek Park
John Harris Court,Fitzerald Tennis Center Rock Creek Park
Match Court 1,Fitzerald Tennis Center Rock Creek Park
Court 7,"Mamushidani Tennis Courts, Keio University"
Court 6,Shenzhen Luohu Tennis Centre
Court 8,Shenzhen International Tennis Center
Cancha 1,Buenos Aires Lawn Tennis Club
Match Court 2,Fitzerald Tennis Center Rock Creek Park
Cancha 2,Centro Panamericano de Tenis
Stadium,Sobeys Stadium
M.Chinnaswamy Stadium,Karnataka State Lawn Tennis Association
Rogers 5G Grandstand,Sobeys Stadium
Central,Mouratoglou Tennis Academy
Court 1,Sobeys Stadium
Court 3,Sobeys Stadium
Court 3,Lindner Family Tennis Center
Court 4,Lindner Family Tennis Center
Court 5,Lindner Family Tennis Center
Center Court,Sobeys Stadium
Court 1,Lindner Family Tennis Center
Center Court,Jan Group Arena
Court 4,Sobeys Stadium
Centre Court,Center Plains Tennis Center
Court 1,Henan Provincial Sports Centre Stadium
Court 2,Henan Provincial Sports Centre Stadium
Court 3,Center Plains Tennis Center
Court 8,Payne Park Tennis Facility
Indoor 2,Center Plains Tennis Center
Indoor 3,Center Plains Tennis Center
Indoor 4,Center Plains Tennis Center
Court 1,Circolo Tennis Francavilla al Mare Sporting Club
Court 2,Circolo Tennis Francavilla al Mare Sporting Club
Court 3,Circolo Tennis Francavilla al Mare Sporting Club
Stadium Court,Forestmeadows Tennis Center
Grandstand,Circolo Tennis Francavilla al Mare Sporting Club
Campo Centrale,Circolo Tennis Francavilla al Mare Sporting Club
Court 2,National Tennis Center
Rogers Court,Stade Iga
Court 9,Stade Iga
Court 5,Stade Iga
Court 4,Spo1 Park
Court 2,Stade Iga
Court 15,Franklin Creek Tennis Center
Court A,Tennis Club de Strasbourg
Court B,Tennis Club de Strasbourg
Court 10,Stade Iga
Court D,Tennis Club de Strasbourg
Court 11,National Tennis Center
Court 8,National Tennis Center
Court 6,Stade Iga
Court 7,National Tennis Center
Court 7,Stade Iga
Alumni Hall,Solano Community College
Center Court,Stade Iga
Stadium,Lindner Family Tennis Center
Stadium,Connecticut Tennis Center
SportMaster Grandstand,Connecticut Tennis Center
Court 1,Connecticut Tennis Center
Court 2,Connecticut Tennis Center
Court 3,Connecticut Tennis Center
Court C,Connecticut Tennis Center
Court 18,Cary Leeds Center for Tennis & Learning
Campus Field,Solano Community College
Court 1,Olympic Tennis School
Court 2,Olympic Tennis School
Center Court,Tiriac Stadium
Court 1,National Tennis Center
Court 3,Les Arenes de Metz
Lotus,National Tennis Center
Moon,National Tennis Center
Court 3,National Tennis Center
Centre Court,Qi Zhong Tennis Center
Court 3,Utsubo Tennis Center
Court 6,Qi Zhong Tennis Center
INA Court,Bluesun Tennis Center
Raiffeisen Court,Bluesun Tennis Center
Court 1,Arena Montpellier
Estadio CIF,Club Internacional de Foot-ball
Court Lisboa,Club Internacional de Foot-ball
Court Belem,Club Internacional de Foot-ball
Court 5,Club Internacional de Foot-ball
Court Sopra Steria,Tennis Club de Lyon
Court 3,Parc De La TeTe D'or
Court 5,Nottingham Tennis Centre
Centre Court,Tennis Club Todi 1971
Court Central,Mallorca Country Club Santa Ponsa
Pista 3,Mallorca Country Club Santa Ponsa
Pista 2,Mallorca Country Club Santa Ponsa
Pista 1,Mallorca Country Club Santa Ponsa
Court 2,All England Lawn Tennis and Croquet Club
Court 5,All England Lawn Tennis and Croquet Club
Alaaddin Karagoz,Kaya Palazzo Belek
Duygu Aksit Oal,Kaya Palazzo Belek
Center Court,Megasaray Tennis Academy
Court 14,Palalido Allianz Cloud
Court 12,Braunschweiger Tennis und Hockeyclub
Court 6,BNR arena
Center Court 1,International Tennis Hall of Fame
Center Court 2,International Tennis Hall of Fame
Next Gen Arena,Stadium Goran Ivanisevic in ITC Stella Maris
Centre Court,Bastad Tennis Stadium
Center Court,Delmar International School
Kaps,Kitzbuhel Tennis Club Sportfeld 2
Court 1,Complexo Tenis Monte Aventino
Court 10,Queensland Tennis Centre
Court 1,The Lawn Tennis Association of Thailand
Court 14,Queensland Tennis Centre
Court A,The Lawn Tennis Association of Thailand
Court 8,The Lawn Tennis Association of Thailand
Court 2,Complexo Tenis Monte Aventino
Court 8,Manuka Doctor Arena
Center Court,Olympic Park Tennis Center
Court 3,Complejo Deportivo Pedro Muñoz
Court 2,TOP SEED TENNIS CLUB
Court 3,Complexo Tenis Monte Aventino
P2,Delmar International School
Court 3,The Lawn Tennis Association of Thailand
Court 4,Tennis Academy El Cortijo Club De Campo
Court 5,Tennis Academy El Cortijo Club De Campo
Cancha 14,Club Manquehue de Vitacura
Cancha 16,Club Manquehue de Vitacura
Cancha 17,Club Manquehue de Vitacura
Court A,ŠRC MARINA PORTOROŽ
Court 8,NTC Arena
Court 5,Multisport Sports Club
Court 8,Multisport Sports Club
Court 11,Multisport Sports Club
Court 4,TK Slovan Bratislava
Court 4,Multisport Sports Club
Court 10,Multisport Sports Club
Court 7,NTC Arena
Court 6,TK Slovan Bratislava
Court 12,Multisport Sports Club
Court 5,NTC Arena
Court 7,Multisport Sports Club
Court 6,Multisport Sports Club
Court 9,NTC Arena
Court Center,Tennis Academy El Cortijo Club De Campo
Cancha Central,Acapulco Princess Mundo Imperial
Court 8,Tali Tennis Center
Cancha 2,Arena GNP Seguros
Court 7,TTF Istanbul Tenis Merkezi
Cancha 3,Arena GNP Seguros
Cancha 4,Acapulco Princess Mundo Imperial
Cancha 1,Arena GNP Seguros
Court 8,Lindner Family Tennis Center
Court 11,Lindner Family Tennis Center
Court 10,Multisport Sports Club
Klenert Court,Tennis Club Ruppurr 1929 e. V.
Court 2,TC Rüppurr
Court 5,TC Rüppurr
Court 8,TC Rüppurr
Court 9,TC Rüppurr
Court 4,Montreux Tennis Club
Court 6,TC Rüppurr
Court 2,Hollyburn Country Club
Court 1,Hollyburn Country Club
Centre Court,Hollyburn Country Club
Stauwehrhalle,Tennisclub Heilbronn am Trappensee
Court 8,BNR arena
Court 9,National Tennis Center
Court 7,National Tennis Center
Centre Court,Rotterdam Ahoy
Court 9,BNR arena
Court 6,Almaty Tennis Center
Court 3,Almaty Tennis Center
Court 5,Almaty Tennis Center
Court 4,Almaty Tennis Center
Court 1,"Tennis Club Tennispark"""""
Court 5,"Tennis Club Tennispark"""""
Court 2,"Tennis Club Tennispark"""""
Court 5,Megasaray Tennis Academy
Court 6,Megasaray Tennis Academy
Court 4,Megasaray Tennis Academy
Court 7,Osten & Victor Alberta Tennis Centre
Court 6,Osten & Victor Alberta Tennis Centre
Court 9,Osten & Victor Alberta Tennis Centre
Court 8,Osten & Victor Alberta Tennis Centre
Court 9,Megasaray Tennis Academy
Court 2,Megasaray Tennis Academy
Court 8,Megasaray Tennis Academy
Court 11,Megasaray Tennis Academy
Court 10,Megasaray Tennis Academy
Court 2,Tennis Club Triestino
Court 4,Tennis Club Triestino
Center court,Tennis Club Triestino
Court 1,Tennis Club Triestino
Court 3,Tennis Club Triestino
Court 2,Buenos Aires Lawn Tennis Club
Court 1,Buenos Aires Lawn Tennis Club
Court 3,Buenos Aires Lawn Tennis Club
Court 10,Sobeys Stadium
Court 12,Sobeys Stadium
Court 9,Sobeys Stadium
Pista 4,Real Club de Tenis Betis
Court 3,Arena Armeets Sofia
Court 4,Arena Armeets Sofia
Court 2,Arena Armeets Sofia
Plaine de Jeux de Gerland,Parc De La TeTe D'or
Court 7,Tennis Club Sparta Praha
Central Court,Academy Zhangjiagang
Court 5,Academy Zhangjiagang
Court 6,Academy Zhangjiagang
Court 7,Academy Zhangjiagang
Court Indoor 11,Academy Zhangjiagang
Indoor 10,Academy Zhangjiagang
Indoor 12,Academy Zhangjiagang
Pista 2,Real Club de Tenis Barcelona
Court 2,Porsche Arena
Court 8,Wojska Polskiego
Court 15,Cary Tennis Park
Court 13,Cary Tennis Park
Indoor East,Qi Zhong Tennis Center
Indoor West,Qi zhong Forest Sports City Arena
Court 1,Foro Italico
Court 14,Cary Tennis Park
Court 2,Foro Italico
Center Court,Ohio State Varsity Tennis Center
Court 10,Foro Italico
Court 1,Ohio State Varsity Tennis Center
Court 2,Ohio State Varsity Tennis Center
Court 3,Ohio State Varsity Tennis Center
Court 4,Ohio State Varsity Tennis Center
Court 1,Tennis Club de Strasbourg
La Foret 2,Palais Des Sport
Court 2,Tiburon Peninsula Club
Court 3,Tiburon Peninsula Club
Indoor 2,Optics Valley International Tennis Center
Indoor 4,Optics Valley International Tennis Center
Center Court,Almaty Arena
Court 3,Club Sonoma
Center Court,Eve Zimmermann Tennis Center
Court 1,Almaty Arena
Court 2,Almaty Tennis Center
Court 6,National Tennis Center
Court 5,National Tennis Center
Ct 6,Queensland Tennis Centre
Ct 4,Queensland Tennis Centre
Court 3,Owl Arena
Court 7,Club Internacional de Foot-ball
Court Central,Club Internacional de Foot-ball
Court 9,Club Internacional de Foot-ball
Court 8,Club Internacional de Foot-ball
Cancha 1,Club de Tenis Santa Cruz
Cancha 2,Club de Tenis Santa Cruz
Court 5,Club de Tenis Santa Cruz
Court 7,Country Club Las Palmas
Court 5,Devonshire Park Lawn Tennis Centre
Quadra Joao Lima,Sociedade Hipica de Campinas
Court 8,Sociedade Hipica de Campinas
Court 16,Megasaray Tennis Academy
Court 13,Megasaray Tennis Academy
Estadio Hernan Ramirez Villegas,Club Campestre de Pereira
Court 4,Tianjin Tuanbo International Tennis Center
Court 5,Tianjin Tuanbo International Tennis Center
Show Court 3,Victoria Park Tennis Court
Court 3,Victoria Park Tennis Court
Court 12,Victoria Park Tennis Court
Court 2,Tips Arena Linz
Court 3,Tips Arena Linz
Center Court,Tennis Club Ortisei
Court 2,Tennis Club Ortisei
Court 3,Tennis Club Ortisei
Cancha 8,Buenos Aires Lawn Tennis Club
Court 2,Solano Community College
Court 4,Solano Community College
Court 5,Solano Community College
Indoor 1,Almaty Tennis Center
Indoor 2,Almaty Tennis Center
Center Court,Complexe Sportif Chantereyne
Pista 1,Real Club de Tenis Betis
Court 1,Complexe Sportif Chantereyne
Court 9,Buenos Aires Lawn Tennis Club
Court 10,Buenos Aires Lawn Tennis Club
Court 7,Buenos Aires Lawn Tennis Club
Court 8,Buenos Aires Lawn Tennis Club
Court 11,Buenos Aires Lawn Tennis Club
Court 3,River Oaks Country Club
Court 1,River Oaks Country Club
Court 2,Rice Stadium (Brian Patterson Sports Performance Center)
Court 5,River Oaks Country Club
Court 18,Porsche Arena
Court 4,Rice Stadium (Brian Patterson Sports Performance Center)
Court 6,River Oaks Country Club
Court 8,River Oaks Country Club
Court 10,Rice Stadium (Brian Patterson Sports Performance Center)
Court 9,River Oaks Country Club
Court 4,Country Time Club
Court 7,River Oaks Country Club
Cancha 9,Buenos Aires Lawn Tennis Club
Cancha 12,Buenos Aires Lawn Tennis Club
Indoor Court 2,Tianjin Tuanbo International Tennis Center
Indoor 3,Tianjin Tuanbo International Tennis Center
Indoor 4,Tianjin Tuanbo International Tennis Center
Indoor 1,Tianjin Tuanbo International Tennis Center
Court 2,Lotto Arena
Court 3,Lotto Arena
Court 3,Kungliga Tennishallen
Court 2,CK Sportcenter Kockelscheuer
Court 3,CK Sportcenter Kockelscheuer
Court 1,"Ningbo Tennis Center of WTA Ningbo, China w42"
Court 2,"Ningbo Tennis Center of WTA Ningbo, China w42"
Court 3,"Ningbo Tennis Center of WTA Ningbo, China w42"
Center Court,Sportpark Ismaning
Court 1,Sportpark Ismaning
Court 2,Sportpark Ismaning
Court 3,Sportpark Ismaning
Court 4,Sportpark Ismaning
Court 2,Complexe Sportif Chantereyne
Court 12,Rice Stadium (Brian Patterson Sports Performance Center)
Indoor 1,Qi Zhong Tennis Center
Indoor 3,Qi Zhong Tennis Center
Stadium,CK Sportcenter Kockelscheuer
Court 3,ATP Stadion Goran Ivanisevic
Center Court,Fitzerald Tennis Center Rock Creek Park
Sportzentrum 3,Roy Emerson Arena
Court 3,Fitzerald Tennis Center Rock Creek Park
IWB Court 1,St Jakobshalle Basel
Cancha 1,Jockey Club del Peru
Cancha 2,Jockey Club del Peru
Centre Court,Kitzbuhel Tennis Club Sportfeld 2
Next Gen Court,Wiener Stadthalle
Grandstand,Kitzbuhel Tennis Club Sportfeld 2
Cancha 8,Jockey Club del Peru
Court Kuchenmeister,Kitzbuhel Tennis Club Sportfeld 2
Court 6,Liuzhou Tennis Center
Court 3,Liuzhou Tennis Center
Court 4,Liuzhou Tennis Center
Center,Liuzhou Tennis Center
Court 3,Kitzbuhel Tennis Club Sportfeld 2
Court 5,Am Rothenbaum
Court 4,Am Rothenbaum
Court 2,House of Sports
Center Court,Boars Head Resort
Court 4,Canberra Tennis Centre
Centre Court,Canberra Tennis Centre
Court 7,Canberra Tennis Centre
Court 5,Canberra Tennis Centre
Court 2,Sobeys Stadium
Court 3,Bendigo Tennis Centre
Court 1,Bendigo Tennis Centre
Court 5,Sobeys Stadium
Court 1,Palalido Allianz Cloud
Court 2,Palalido Allianz Cloud
Court 1,True Arena Hua Hin
Court 1,Goodfriend Indoor Tennis Center
Center Court,Goodfriend Indoor Tennis Center
Court 7,Megasaray Tennis Academy
Court 5,CTC Corrientes Tennis Club
Court 2,CTC Corrientes Tennis Club
Court 6,CTC Corrientes Tennis Club
Court 1,CTC Corrientes Tennis Club
Court 3,CTC Corrientes Tennis Club
Court 1,Hurd Tennis Center
Court 3,Hurd Tennis Center
Court 4,Hurd Tennis Center
Court 6,Hurd Tennis Center
Court 5,Hurd Tennis Center
Court 9,Lindner Family Tennis Center
Center Court,Aspria Harbor Club
Court 6,Lindner Family Tennis Center
Court 7,Lindner Family Tennis Center
Porsche Court,Lindner Family Tennis Center
Court 4,Tali Tennis Center
Court 1,Tali Tennis Center
Court 4,Club Manquehue de Vitacura
Center Court,Wake Forest University Tennis Complex
Court 2,Wake Forest University Tennis Complex
Court 3,Wake Forest University Tennis Complex
Court 2,Stan Sheriff Center
Court 3,Stan Sheriff Center
Court 2,Karnataka State Lawn Tennis Association
Center Court,Cricket Club of India
Court 4,Wake Forest University Tennis Complex
Court 1,Cricket Club of India
Court 2,Cricket Club of India
Court 3,Cricket Club of India
Court 5,Wake Forest University Tennis Complex
Pista 3,Sporting Club de Tenis Valencia
Pista 2,Sporting Club de Tenis Valencia
Pista 4,Sporting Club de Tenis Valencia
Grandstand 1,T Bar M Racquet Club
Court 4,Clube Hipico Santo Amaro
Quadra 3,Jockey Club Brasileiro
Quadra 1,Jockey Club Brasileiro
Grandstand 2,T Bar M Racquet Club
Court Torner,Club Sonoma
Court 5,Club Sonoma
Court 8,Club Sonoma
Court 7,Club Sonoma
Astana,National Tennis Center
Court 4,Stan Sheriff Center
Cancha Central,Club Deportivo Universidad Catolica
Court 8,Santo Domingo Tennis Club La Bocha
Cancha 7,Santo Domingo Tennis Club La Bocha
Court 9,Santo Domingo Tennis Club La Bocha
Court 10,Santo Domingo Tennis Club La Bocha
Court 2,Hurd Tennis Center
Court 11,Santo Domingo Tennis Club La Bocha
Court M3,Hengqin International Tennis Center Zhuhai
Court M5,Hengqin International Tennis Center Zhuhai
Court M2,Hengqin International Tennis Center Zhuhai
Central,Club Manquehue de Vitacura
Cancha 7,Autoclub Antofagasta
Cancha 8,Autoclub Antofagasta
Court 12,Santo Domingo Tennis Club La Bocha
Court 5,Forestmeadows Tennis Center
Court 3,Guayaquil Tennis Club
Court 4,Guayaquil Tennis Club
Court 6,Eurosporting Cordenons
Court 7 (Center),Eurosporting Cordenons
Court 8,Eurosporting Cordenons
Court 4,Club Tennis Las Terrazas de Miraflores
Cancha 6,Club Tennis Las Terrazas de Miraflores
Court 7,Club Tennis Las Terrazas de Miraflores
Cancha 5,Club Tennis Las Terrazas de Miraflores
Court 5,Santo Domingo Tennis Club La Bocha
Court 8,Club Tennis Las Terrazas de Miraflores
Court 10,Victoria Park Tennis Court
Court 9,Club Tennis Las Terrazas de Miraflores
Court 13,Club Tennis Las Terrazas de Miraflores
Court 11,Club Tennis Las Terrazas de Miraflores
Court 10,Club Tennis Las Terrazas de Miraflores
Court 14,Club Tennis Las Terrazas de Miraflores
Centre Court,Playford City Tennis Centre
Court 1,Playford City Tennis Centre
Court 2,Playford City Tennis Centre
Court 3,Playford City Tennis Centre
Court 4,Playford City Tennis Centre
Court 5,Playford City Tennis Centre
Pune Club Ground,Mhalunge Balewadi Tennis Complex
Court 6,Victoria Park Tennis Court
Court 5,Victoria Park Tennis Court
Court 4,Victoria Park Tennis Court
Stadium Court,Queensland Tennis Centre
Show Court 1,Olympic Park Tennis Center
West Court,Domain Tennis Centre
Center Court,Hot Springs Tennis Center
Court 3,Hot Springs Tennis Center
Court 2,Hot Springs Tennis Center
Court 1,Hot Springs Tennis Center
Court 5,Hot Springs Tennis Center
Stadium,USTA National Campus
Court 5,USTA National Campus
Court 3,USTA National Campus
Tennis Club De Bruz 4,Salle Collete-Benson
Tennis Club De Bruz 5,Salle Collete-Benson
Centre Court,Guangzhou Tianhe Sports Center
Court 1,Guangzhou Tianhe Sports Center
Center,Newport Beach Tennis Club
Stadium,Newport Beach Tennis Club
Court 3,Guangzhou Tianhe Sports Center
Court 4,Guangzhou Tianhe Sports Center
Court 2,Guangzhou Tianhe Sports Center
Indoor 5,Seoul Olympic Park Tennis Center
Indoor 7,Seoul Olympic Park Tennis Center
Stadium,National Taiwan University Sports Center
Indoor 8,Seoul Olympic Park Tennis Center
Court 8,Launceston Regional Tennis Centre
Cancha 4,Club Rancho San Francisco
Show Court,Qi Zhong Tennis Center
Court 4,Utsubo Tennis Center
Court 1,Olme Sport
Court 4,PalaNorda
Court 2,Olme Sport
Court 4,National Tennis Center
Court 3,National Tennis Center
Court 2,National Tennis Center
PalaAgnelli,PalaNorda
Indoor 2,Graciosa Country Club
Indoor 1,Graciosa Country Club
Court 12,Clube Hipico Santo Amaro
Court 9,Clube Hipico Santo Amaro
Court 10,Clube Hipico Santo Amaro
Court 8,Clube Hipico Santo Amaro
Court 13,Clube Hipico Santo Amaro
Cancha Central,Cantegril Country Club
Cancha 1,Cantegril Country Club
Cancha 4,Cantegril Country Club
Court 15,Indian Wells Tennis Garden
Court 17,Indian Wells Tennis Garden
Court 18,Indian Wells Tennis Garden
Court 16,Indian Wells Tennis Garden
Cancha 2,Cantegril Country Club
Court 19,Indian Wells Tennis Garden
Centre Court,Clube Hipico Santo Amaro
Court 7,Sociedade Hipica de Campinas
Quadra 6,Sociedade Hipica de Campinas
Quadra 5,Sociedade Hipica de Campinas
Court 8,"Mamushidani Tennis Courts, Keio University"
Court 9,"Mamushidani Tennis Courts, Keio University"
Court 1,USTA National Campus
Indoor 6,"Mamushidani Tennis Courts, Keio University"
Indoor 5,"Mamushidani Tennis Courts, Keio University"
Court 5,Shenzhen Luohu Tennis Centre
Court 7,Shenzhen International Tennis Center
Court 9,Shenzhen International Tennis Center
Court 11,Shenzhen International Tennis Center
Court 13,Bendigo Tennis Centre
Court 11,Bendigo Tennis Centre
Court 10,Bendigo Tennis Centre
Court 3,Public Security Officers Club
Court 4,Public Security Officers Club
Court 5,Public Security Officers Club
Center Court,Public Security Officers Club
Court 1,Public Security Officers Club
Center Court,Tennis Club Lillois Lille Metropole
Court 3,Tennis Club Lillois Lille Metropole
Court 5,Tennis Club Lillois Lille Metropole
Court 1,Tel Aviv International Convention Center
Court 6,Club Internacional de Foot-ball
Court 2,Club de Tenis Puente Romano
Tcsb 4,Salle Steredenn
Tcsb 3,Salle Steredenn
Pista 2,Ferrero Tennis Academy
Pista 1,Ferrero Tennis Academy
Pista 6,Ferrero Tennis Academy
Pista 7,Ferrero Tennis Academy
Court 2,Leftwich Tennis Centre
Court 16,Ehime Prefectural Sports Complex
Court 8,Ehime Prefectural Sports Complex
Court 6,Ehime Prefectural Sports Complex
Court 4,Ehime Prefectural Sports Complex
Court 7,Au Tennis Club De Tunis
Court 9,Au Tennis Club De Tunis
Campo 3,El Club el Carmel
Court 10,National Tennis Center
Estadio Rafael Osuna,Centro Deportivo Chapultepec
Grandstand,Centro Deportivo Chapultepec
Centrale,Padiglione Conza
Campo 1,Padiglione Conza
Court 2,Padiglione Conza
Court 5,Royal Tennis Club de Marrakech
Court 12,National Tennis Center
Stadium Court,River Oaks Country Club
Court 3,Padiglione Conza
Court 4,Padiglione Conza
Court 5,Padiglione Conza
TC Cureglia Court 1,Padiglione Conza
TC Cureglia Court 2,Padiglione Conza
Court 16,Madrid Arena
Court 14,Madrid Arena
Court 4,Caja Magica
Court 15,Madrid Arena
Court 10,Center Plains Tennis Center
Court 9,Center Plains Tennis Center
Court 11,Center Plains Tennis Center
Court 12,Center Plains Tennis Center
Court 7,Payne Park Tennis Facility
Court 1,Payne Park Tennis Facility
Court 9,Royal Tennis Club de Marrakech
Court 3,Arena Loire Trelaze
Court Central,Arena Loire Trelaze
Court 7,Arena Loire Trelaze
Court 2,Boars Head Resort
Court 1,Boars Head Resort
Court 3 Stadium,Boars Head Resort
Court 10,Optics Valley International Tennis Center
Court 9,Optics Valley International Tennis Center
Court 8,Optics Valley International Tennis Center
Court 7,Optics Valley International Tennis Center
Court 3,Alex Metreveli Tennis Club
Court 2,Alex Metreveli Tennis Club
Court 1,Alex Metreveli Tennis Club
Savannah Toyota Court,Franklin Creek Tennis Center
Estadio Puerto Vallarta,Parque Parota
Cancha La Aficion,Parque Parota
Court 4,Alex Metreveli Tennis Club
Indoor C8,Hot Springs Tennis Center
Indoor C9,Hot Springs Tennis Center
Court 4,Tennis Club Garden
Center Court,Clube de Tenis de Braga
Court 1,Clube de Tenis de Braga
Court 2,Clube de Tenis de Braga
Court 1,Iate Club de Brasilia
Quadra 2,Iate Club de Brasilia
Court 3,Iate Club de Brasilia
Central,Iate Club de Brasilia
Cancha 2,Club Naval de Campo las Salinas
Campo Centrale,Tennis Club Garden
Court 2,Club de Tennis La Bisbal Centre Esportiu
Court 1,Club de Tennis La Bisbal Centre Esportiu
Court 4,Club de Tennis La Bisbal Centre Esportiu
Court 3,Club de Tennis La Bisbal Centre Esportiu
Cancha 1,Club Naval de Campo las Salinas
Estadio,Centro Deportivo Chapultepec
Indoor C1,Spo1 Park
Indoor C4,Spo1 Park
Indoor C6,Spo1 Park
Indoors 16,Villa Primrose
Indoors 17,Villa Primrose
Indoors 18,Villa Primrose
Court 3 Banco del Fucino,Tennis Club Garden
Court 4,Tennisclub Heilbronn am Trappensee
Court 9,Sparta Prague Tennis Complex
Court 5,Complexo De Tenis Do Jamor
Campo 4,Complexo De Tenis Do Jamor
Pista 1,Club Tennis Els Gorchs
Court 6,Club Tennis Els Gorchs
Court 2,Club Tennis Els Gorchs
Campo Central,Complexo De Tenis Do Jamor
Court 8,Club Tennis Els Gorchs
Court 7,Club Tennis Els Gorchs
Campo 3,Complexo De Tenis Do Jamor
Court 4,Sport Social Club
Court 2,Sport Social Club
Cancha 9,Sport Social Club
Court 3,Sport Social Club
Cancha 8,Sport Social Club
Cancha 10,Sport Social Club
Court 1,Sport Social Club
Cancha 11,Sport Social Club
Cancha 7,Sport Social Club
Cancha Central,Sport Social Club
Cancha 5,Sport Social Club
Court 2,Tennis Club Napoli
Court 5,Club Tennis Els Gorchs
Cancha 2,Estadio Mario Alberto Kempes
Cancha 4,Estadio Mario Alberto Kempes
Cancha 1,Estadio Mario Alberto Kempes
Cancha 6,Estadio Mario Alberto Kempes
Cancha 3,Estadio Mario Alberto Kempes
Court 1,Park Mladen Stojanovic
Lukas Court,Bluesun Tennis Center
Indoor 12,Club de Campo Villa de Madrid
Indoor 10,Madrid Arena
Indoor 11,Club de Campo Villa de Madrid
Indoor 1,Palais des sports de Gerland
Indoor 2,Palais des sports de Gerland
Indoor 3,Palais des sports de Gerland
Court 8,National Tennis Center
Court Central,Arena Montpellier
Court 2,Arena Montpellier
Court 8,Caja Magica
Court 11,Madrid Arena
Court 10,Madrid Arena
Court 9,Madrid Arena
Court 3,La Caja Magica
Center Court,AAJB Tennis
Court 5,Osten & Victor Alberta Tennis Centre
Court 7,Istiklol Tennis Club
Stadion,Gerry Weber Stadium
Court 17,Stade Toulousain Tennis Club
Court 16,Stade Toulousain Tennis Club
Court Central,Stade Toulousain Tennis Club
Court 15,Palalido Allianz Cloud
Center Court,Tennis Club Weissenhof
Match Court 2,Tennis Club Weissenhof
Court 4,Porsche Arena
Stade de la Source,Palais des Sports
Court 2,The Lawn Tennis Association of Thailand
Court 9,Winnipeg Lawn Tennis Club
Stadium,National Bank Tennis Hub @ West St Paul
Court 1,Tennis Club de Contrexeville
Court Central,Tennis Club de Contrexeville
Court 2,Tennis Club de Contrexeville
Center Court,Tennis Club Perugia
Court 10,Winnipeg Lawn Tennis Club
Court 11,Winnipeg Lawn Tennis Club
Court 5,Stan Sheriff Center
Stadium,Stan Sheriff Center
Court 10,Stan Sheriff Center
Indoor C1,Victoria Park Tennis Court
Indoor C2,Victoria Park Tennis Court
Court 9,National Tennis Center
Court 3,Taipei Arena
Show court,Taipei Arena
Court 4,Taipei Arena
COURT 3,Omega Sport Center
Court 9,SEB Arena
Court 6,SEB Arena
Court 2,SEB Arena
Court 1,SEB Arena
Court 2,Tennis Club de Troyes
Court 1,Tennis Club de Troyes
Court 3,Tennis Club de Troyes
Court 8,Tennis St-Luc - Les Loisirs De Granby
Court N2,Atkins Tennis Center
Court S2,Atkins Tennis Center
Court N5,Atkins Tennis Center
Court N6,Atkins Tennis Center
Court 6,Taipei Arena
Court 7,Taipei Arena
Court 5,Taipei Arena
Court 8,Taipei Arena
Court 4,Tampereen Tenniskeskus Oy
Court 7,Tampereen Tenniskeskus Oy
Court 3,Tampereen Tenniskeskus Oy
Indoor Center Court,National Tennis Center
Indoor Court 1,Tennis St-Luc - Les Loisirs De Granby
Indoor Court 3,Tennis St-Luc - Les Loisirs De Granby
Court 4,Complejo Deportivo Pedro Muñoz
Court 11,Sichuan International Tennis Center
Court 12,Sichuan International Tennis Center
Court Riedel,Kitzbuhel Tennis Club Sportfeld 2
Stadium,San Jose State University Tennis Center
Court 1,San Jose State University Tennis Center
Estadio Pegaso,Delmar International School
Grandstand Caliente,Cabo Sports Complex
The Landings Club,Franklin Creek Tennis Center
Court 3,C.D. Open Tenis Ciudad de Pozoblanco
Court 4,C.D. Open Tenis Ciudad de Pozoblanco
Court 2,C.D. Open Tenis Ciudad de Pozoblanco
Court 1,C.D. Open Tenis Ciudad de Pozoblanco
Court 2,Tennis Academy El Cortijo Club De Campo
National Bank Grandstand,Sobeys Stadium
Court 10,NTC Arena
Pista Fabian Dorado,C.D. Open Tenis Ciudad de Pozoblanco
Court 7,Tali Tennis Center
Court 6,Tali Tennis Center
Court 9 (indoor),Hot Springs Tennis Center
Court 7 (indoor),Hot Springs Tennis Center
Court 8 (indoor),Hot Springs Tennis Center
Court 10 (indoor),Hot Springs Tennis Center
Court 3,TC Rüppurr
Westside Tennis Club,Rice Stadium (Brian Patterson Sports Performance Center)
Court G,Connecticut Tennis Center
Capital Group Diamond,National Tennis Center
Court 4,Mallorca Country Club Santa Ponsa
Court 5,Mallorca Country Club Santa Ponsa
Indoor Court 10,Hot Springs Tennis Center
Indoor Court 7,Hot Springs Tennis Center
Indoor Court 9,Hot Springs Tennis Center
Indoor Court 8,Hot Springs Tennis Center
Court 6,Tennis Club Sparta Praha
Court 5,Tennis Club Sparta Praha
Court 3,Tennis Club Sparta Praha
Court 8,Tennis Club Sparta Praha
Court 3,Club de Tenis Puente Romano
Court 4,Club de Tenis Puente Romano
Court Central,Skanes Family Hotel Monastir
Indoor 8,Tennis Club Triestino
Indoor 7,Tennis Club Triestino
Court 5,A.S.D. Tennis Club Como
Indoor 1,A.S.D. Tennis Club Como
Indoor 2,A.S.D. Tennis Club Como
Center Court,Montreux Tennis Club
Court 15,Tenis Centar Maksimir
Court 1,Montreux Tennis Club
Court 2,Montreux Tennis Club
Central Cabesto,Sporting Club De Cassis
Court Club House,Sporting Club De Cassis
Court 8,Sporting Club De Cassis
Court 1,XS Tennis Village
Court 2,XS Tennis Village
Court 3,XS Tennis Village
Court 4,XS Tennis Village
Court 5,XS Tennis Village
Court 14,Tenis Centar Maksimir
Court 9,Sporting Club De Cassis
Center Court,Real Club de Tenis Betis
Indoor 10,XS Tennis Village
Court 9,Tennis Club Triestino
Indoor 8,XS Tennis Village
Court 1,Ciric Sport Base
Court 3,Ciric Sport Base
Court 4,Ciric Sport Base
Court 2,Ciric Sport Base
Central,Real Club de Tenis Betis
Court 6,Real Club de Tenis Betis
Court 5,Real Club de Tenis Betis
Court 7,Skanes Family Hotel Monastir
Court 6,Skanes Family Hotel Monastir
Centre Court,Hiroshima Regional Park
Court 2,Hiroshima Regional Park
Court 3,Hiroshima Regional Park
Court 9,Hiroshima Regional Park
Court 9,Country Club Las Palmas
Court 4,Club de Tenis Santa Cruz
Court 4,Hiroshima Regional Park
Youme Town,Hiroshima Regional Park
Court 9,Real Club de Tenis Betis
Court 6,Nottingham Tennis Centre
Indoor Court 17,Hiroshima Regional Park
Indoor Court 20,Hiroshima Regional Park
Indoor Court 18,Hiroshima Regional Park
Indoor Court 19,Hiroshima Regional Park
Court 9,Nottingham Tennis Centre
Indoor 12,Cary Leeds Center for Tennis & Learning
Indoor 5,Cary Leeds Center for Tennis & Learning
Indoor 3,Cary Leeds Center for Tennis & Learning
Indoor 5,Nottingham Tennis Centre
Indoor 6,Nottingham Tennis Centre
Indoor 3,TTF Istanbul Tenis Merkezi
Indoor 2,TTF Istanbul Tenis Merkezi
Court 6,Buenos Aires Lawn Tennis Club
Court 4,Buenos Aires Lawn Tennis Club
Cancha 3,Club de Tenis Santa Cruz
Cancha 6,Club de Tenis Santa Cruz
Cancha 7,Club de Tenis Santa Cruz
Cancha 5,Club de Tenis Santa Cruz
Court 1,Tennis Club Izida
Center Court,Tennis Club Izida
Court 2,Tennis Club Izida
Center Court,Skanes Family Hotel Monastir
Court 6,Parc ded Sports de Marville
Court 5,Buenos Aires Lawn Tennis Club
Court 3,Tennis Club Izida
Court 7,Guangzhou Tianhe Sports Center
Indoor C5,Seoul Olympic Park Tennis Center
Indoor 6,Seoul Olympic Park Tennis Center
Center Court,Sichuan International Tennis Center
Court 2,Sporting Club de Tenis Valencia
Court 4,Sporting Club de Tenis Valencia
Grandstand,Circolo del Tennis Firenze 1898
Court 3,Skanes Family Hotel Monastir
Ct 10,Queensland Tennis Centre
Ct 8,Queensland Tennis Centre
Ct 14,Queensland Tennis Centre
Court 4,Skanes Family Hotel Monastir
Court 5,Skanes Family Hotel Monastir
Court 2,Skanes Family Hotel Monastir
Court 1,Skanes Family Hotel Monastir
Court 5,Complexe Sportif Chantereyne
Show Court 3,Qi Zhong Tennis Center
Court 16,Club Tennis Las Terrazas de Miraflores
Court 15,Club Tennis Las Terrazas de Miraflores
Court 12,Club Tennis Las Terrazas de Miraflores
Court 17,Club Tennis Las Terrazas de Miraflores
Show Court,Tips Arena Linz
Indoor 1,Tashkent Tennis Centreake
Indoor 2,Tashkent Tennis Centreake
Court 1,Real Club de Tenis Betis
National Bank Court,Osten & Victor Alberta Tennis Centre
Court 4,Osten & Victor Alberta Tennis Centre
Court 9,Hurd Tennis Center
Court 7,Hurd Tennis Center
Court 8,Hurd Tennis Center
Indoor Court 1,Liuzhou Tennis Center
Indoor Court 2,Liuzhou Tennis Center
Center,Hurd Tennis Center
Court 4,CTC Corrientes Tennis Club
Brenda Meyers Court,Boars Head Resort
Court 8,Skanes Family Hotel Monastir
Centre Court,Eurosporting Cordenons
Stadium Court,Darling Tennis Center
Pista 12,COMUNIDAD VALENCIANA
Pista 13,COMUNIDAD VALENCIANA
Pista 11,COMUNIDAD VALENCIANA
Pista 14,COMUNIDAD VALENCIANA
Cancha Central,Club Naval de Campo las Salinas
Court 5,Club Naval de Campo las Salinas
Cancha 7,Buenos Aires Lawn Tennis Club
Court 6,Club Manquehue de Vitacura
Indoor 1,Rice Stadium (Brian Patterson Sports Performance Center)
Indoor 2,Rice Stadium (Brian Patterson Sports Performance Center)
Court 7,Club Manquehue de Vitacura
Court 8,Club Manquehue de Vitacura
West Park Oval,Burnie Tennis Club
Court 5,Mhalunge Balewadi Tennis Complex
Court 4,Hot Springs Tennis Center
Court 8,Hot Springs Tennis Center
Cancha 3,Cantegril Country Club
Court 2,Rotterdam Ahoy
Court Francoise Savatier,Le Liberte
Court 10,Newport Beach Tennis Club
Court 4,Cleveland Racquet Club
Court 2,Cleveland Racquet Club
Centre Court 1,Clube Hipico Santo Amaro
Court 1,Clube Hipico Santo Amaro
Court 2,Clube Hipico Santo Amaro
Court 5,Khalifa International Tennis & Squash Complex
Court 2,Palais des Sports de Marseille
CC,National Sport Center Nanchang
Central,Palais des Sports de Pau
TC Pau 1,Palais des Sports de Pau
Court 20,Indian Wells Tennis Garden
Covered Court 2,Hengqin International Tennis Center Zhuhai
Covered Court 4,Hengqin International Tennis Center Zhuhai
Court 4,Centro Panamericano de Tenis
Court 3,Centro Panamericano de Tenis
Court 14,Clube Hipico Santo Amaro
Center Court,The Phoenix Country Club
Court 3,The Phoenix Country Club
Court 2,The Phoenix Country Club
Court 4,The Phoenix Country Club
Court 1,Tennis Club Lillois Lille Metropole
Court 7,Family Circle Tennis Center
Court 5,Family Circle Tennis Center
Court 4,Family Circle Tennis Center
Court 3,Family Circle Tennis Center
Court 7,Public Security Officers Club
Court CC,Public Security Officers Club
Quadra 1,Graciosa Country Club
Butch Buchholz,Hard Rock Stadium
Court Marc Gicquel,Tennis Club Saint-Brieuc
Althea Gibson Club Court,Family Circle Tennis Center
Court 1,Mouratoglou Tennis Academy
Court 2,Mouratoglou Tennis Academy
Indoor 1,Mouratoglou Tennis Academy
Indoor 2,Padiglione Conza
Indoor 1,Padiglione Conza
Pista Central,Murcia Tennis Club 1919
Pista 2,Murcia Tennis Club 1919
Pista 3,Murcia Tennis Club 1919
Pamukspor 1,TTF Istanbul Tenis Merkezi
Court 5,Guayaquil Tennis Club
Court 6,Guayaquil Tennis Club
Elizabeth Moore Court,Payne Park Tennis Facility
Court 9,National Tennis Center
Court 4,Arena Loire Trelaze
Court 5,Arena Loire Trelaze
Centre Court,Arena Loire Trelaze
Centre Court,Alex Metreveli Tennis Club
Centre Court,National Tennis Center
Court 6,TC RW-Troisdorf e.V
Court 1,TC RW-Troisdorf e.V
Court 7,TC RW-Troisdorf e.V
Court 8,TC RW-Troisdorf e.V
Court 5,TC RW-Troisdorf e.V
Centre Court 3,TC RW-Troisdorf e.V
Court 4,TC RW-Troisdorf e.V
Court 2,TC RW-Troisdorf e.V
Court 2,Country Club Aixois
Court 3,Clube de Tenis de Braga
Center Court,Club Internacional de Foot-ball
Court 1,Club Internacional de Foot-ball
Court 2,Club Internacional de Foot-ball
Court 3,Club Internacional de Foot-ball
Court 4,Club Internacional de Foot-ball
Indoor 6,Clube de Tenis de Braga
Indoor 5,Clube de Tenis de Braga
Court 2,Jinwol International Tennis Court
Center,Circolo Tennis Hugo Simmen
Court 3,Circolo Tennis Hugo Simmen
Court 4,Circolo Tennis Hugo Simmen
Center Court,Club de Tennis La Bisbal Centre Esportiu
Grand Stand,Circolo Tennis Hugo Simmen
Court 6 - Centre,Tennis Club Sparta Praha
Indoor Angiulli Bari1,Circolo Tennis Hugo Simmen
Indoor Angiulli Bari2,Circolo Tennis Hugo Simmen
Indoor Angiulli Bari3,Circolo Tennis Hugo Simmen
Court 5,Club de Tennis La Bisbal Centre Esportiu
Court 4,Tennis Club de Strasbourg
Court 1,Club Tennis Vic
Court 2,Club Tennis Vic
Indoor C,Tennis Club de Strasbourg
Court Simonne Mathieu,Stade Roland Garros
Center Court,Tennis Club Ruppurr 1929 e. V.
Staerk Court,Tennis Club Ruppurr 1929 e. V.
Stadium,Rebsamen Tennis Center
Court 1,Rebsamen Tennis Center
Court 13,Rebsamen Tennis Center
Center Court,Bluesun Tennis Center
Court 1,Bluesun Tennis Center
Indoor Ct1,Rebsamen Tennis Center
Indoor Ct3,Rebsamen Tennis Center
Court 23,Palais des sports de Gerland
Court 12,Halle Tony Garnier
Indoor 1,Nottingham Tennis Centre
Court 14,Palais des sports de Gerland
Court 15,Palais des sports de Gerland
Trent 1,Nottingham Tennis Centre
Trent 2,Nottingham Tennis Centre
Indoor Court 1,Ohio State Varsity Tennis Center
Center Court,Tenis Club Parma
Grandstand,Tenis Club Parma
Court 18,Madrid Arena
Court 3,Arena Montpellier
Court 19,Madrid Arena
Court 17,Madrid Arena
Court 4,USTA National Campus
Court 2,USTA National Campus
Court 13,Madrid Arena
Court 12,Madrid Arena
Court 6,USTA National Campus
Indoor 5,Ilkley Lawn Tennis and Squash Club
Court 1,Francesco Guzzini Recanati Tennis Club
Court 2,Francesco Guzzini Recanati Tennis Club
Court 1,Hamburger Tennis Verband e.V
Court 4,Tennis Center Novak
Court 1,Tennis Center Novak
Court 3,Tennis Center Novak
Court 5,Tennis Center Novak
Court 4,SEB Arena
Court 7,SEB Arena
Court 3,SEB Arena
Court 2,Winnipeg Lawn Tennis Club
Court 3,Winnipeg Lawn Tennis Club
Court 9,Stan Sheriff Center
Court 3,Tennis Club de Contrexeville
Court 5,SEB Arena
Centre Court,Tennis Club du Stade-Lausanne
Court 1,Tennis Club du Stade-Lausanne
Court 2,Tennis Club du Stade-Lausanne
Court 1,Amersfoort Lawn Tennis Club
Court 2,Amersfoort Lawn Tennis Club
Court 3,Amersfoort Lawn Tennis Club
Center Court,Amersfoort Lawn Tennis Club
Court 2,Omega Sport Center
Court 1,Omega Sport Center
Court 5,National Tennis Center
Van Mossel Kia Court,Amersfoort Lawn Tennis Club
Indoor 2,Taipei Tennis Center
Indoor 1,Taipei Tennis Center
Court 2,Cabo Sports Complex
Court 4,Fitzerald Tennis Center Rock Creek Park
Court 5,Fitzerald Tennis Center Rock Creek Park
Centre Court,TC Rüppurr
Court 1,TC Rüppurr
Court 6,Akademia Tenisowa Tenis Kozerki
Court 7,Akademia Tenisowa Tenis Kozerki
Court 8,Akademia Tenisowa Tenis Kozerki
Court 1,National Tennis Centre
Court 9,Akademia Tenisowa Tenis Kozerki
Court 2,Les Arenes de Metz
Centre Court,Yokkaichi Tennis Center
Show Court 1,Yokkaichi Tennis Center
Court 7,Yokkaichi Tennis Center
Center Court,TC Augsburg Siebentischwald E.V
Court 1,TC Augsburg Siebentischwald E.V
Court 2,TC Augsburg Siebentischwald E.V
Pista 2,C.D. Open Tenis Ciudad de Pozoblanco
Pista 4,C.D. Open Tenis Ciudad de Pozoblanco
Pista 3,C.D. Open Tenis Ciudad de Pozoblanco
Serena Wines 1881,Eurosporting Cordenons
Acqua Maniva,Eurosporting Cordenons
Court 4,Legia Tenis & Golf
Center Court,The Thoreau Club
Court 3,Leftwich Tennis Centre
Polygon Court,Hollyburn Country Club
Cancha 3,Guayaquil Tennis Club
Table 1,Omega Sport Center
Table 2,Omega Sport Center
Table 3,Omega Sport Center
Court 1,Tennis Club Sparta Praha
Indoor,Mallorca Country Club Santa Ponsa
Court 12,Buenos Aires Lawn Tennis Club
Court 1,Parc ded Sports de Marville
Court 2,Parc ded Sports de Marville
Indoor 3,River Oaks Country Club
Court 13,River Oaks Country Club
Court 11,River Oaks Country Club
Court 14,Hengqin International Tennis Center Zhuhai
Court 3,Sporting Club de Tenis Valencia
Quadra Central,Parque Villa Lobos
Quadra 13,Clube Hipico Santo Amaro
Quadra 14,Clube Hipico Santo Amaro
Indoor 2,National Tennis Centre
Quadra 8,Clube Hipico Santo Amaro
Diamond,China National Tennis Center
Court 6,Queensland Tennis Centre
Court 3,Queensland Tennis Centre
Grandstand 2,Qi Zhong Tennis Center
Court 1,Complexe Jean Jaures
Court Central,Complexe Jean Jaures
Centra Court,Jockey Club Brasileiro
Court 2,Jockey Club Brasileiro
Center Court,Jockey Club Brasileiro
Pista 6,Real Club de Tenis Betis
Pista 5,Real Club de Tenis Betis
Court 12,Hurd Tennis Center
Court 11,Hurd Tennis Center
Quadra 3,Clube Hipico Santo Amaro
Quadra 2,Parque Villa Lobos
Indoor 2,Hurd Tennis Center
Indoor 3,Hurd Tennis Center
Stadium,Hurd Tennis Center
Court 5,Liuzhou Tennis Center
Center Court,Brest Arena
Allianz Cloud Court,Palalido Allianz Cloud
Court 5,Complexo Municipal de Tenis da Maia
Center Court,Complexo Municipal de Tenis da Maia
Court 4,Complexo Municipal de Tenis da Maia
Court 2,Westwood Country Club
Court 1,Westwood Country Club
Court 5,Westwood Country Club
Court 3,Westwood Country Club
Court 6,Westwood Country Club
Court 4,Westwood Country Club
Court 2,Forestmeadows Tennis Center
Stadium Court,Zayed Sports City International Tennis Centre
Court 2,Bendigo Tennis Centre
Show Court 1,The Drive
Court 2,The Drive
Court 3,The Drive
Court 22,Megasaray Tennis Academy
Court 17,Megasaray Tennis Academy
Court 20,Megasaray Tennis Academy
Court 21,Megasaray Tennis Academy
Centre Court,Kooyong Lawn Tennis Club
Court Le Liberte,Le Liberte
Court 8,Newport Beach Tennis Club
Court 8,Newport Beach Tennis Club
Court 8,Newport Beach Tennis Club
San Carlos De Apoquindo,Club Deportivo Universidad Catolica
Center Court,Cleveland Racquet Club
Fargona Stadium,Istiklol Tennis Club
Estadio Arena GNP Seguros,Arena GNP Seguros
Center,Lyttos Sportscenter
Grandstand Court,Osten & Victor Alberta Tennis Centre
Court Central,Buenos Aires Lawn Tennis Club
Court 10,North-West University Tennis Complex
Court 1,North-West University Tennis Complex
Estadio Alberto Gallardo,Club Tennis Las Terrazas de Miraflores
Gene Cox Stadium,Forestmeadows Tennis Center
Court 8,North-West University Tennis Complex
Centralni Teren,TK As Timok
Teren 6,TK As Timok
Teren 7,TK As Timok
Teren 8,TK As Timok
Teren 9,TK As Timok
Teren 10,TK As Timok
Center Court,TC RW-Troisdorf e.V
Court 7,Tennis Center Novak
Court 8,Tennis Center Novak
Court 5,Wojska Polskiego
Court 1,The Queen's Club
Court 5,The Queen's Club
Court 4,Wojska Polskiego
Court 3,Wojska Polskiego
Pista Central,Club Tennis Girona
Pista 2,Club Tennis Girona
Court 7,Wojska Polskiego
Center Court,National Tennis Centre
Court 12,Country Time Club
Bergamo,Olme Sport
Center Court,TOP SEED TENNIS CLUB
Indoor 11,Hilary J. Boone Tennis Center
Indoor 9,Hilary J. Boone Tennis Center
Campo 2,Complexo De Tenis Do Jamor
Court 2,TC GM Sports Anif
Court 6,TC GM Sports Anif
Court 1,TC GM Sports Anif
